-- --------------------------------------------------------
-- Host:                         
-- Versión del servidor:         5.7.24 - MySQL Community Server (GPL)
-- SO del servidor:              Win64
-- HeidiSQL Versión:             10.2.0.5599
-- --------------------------------------------------------

/*!40101 SET @OLD_CHARACTER_SET_CLIENT=@@CHARACTER_SET_CLIENT */;
/*!40101 SET NAMES utf8 */;
/*!50503 SET NAMES utf8mb4 */;
/*!40014 SET @OLD_FOREIGN_KEY_CHECKS=@@FOREIGN_KEY_CHECKS, FOREIGN_KEY_CHECKS=0 */;
/*!40101 SET @OLD_SQL_MODE=@@SQL_MODE, SQL_MODE='NO_AUTO_VALUE_ON_ZERO' */;


-- Volcando estructura de base de datos para parcial_bd
CREATE DATABASE IF NOT EXISTS `parcial_bd` /*!40100 DEFAULT CHARACTER SET utf8mb4 */;
USE `parcial_bd`;

-- Volcando estructura para tabla parcial_bd.categorias
CREATE TABLE IF NOT EXISTS `categorias` (
  `id` int(11) NOT NULL AUTO_INCREMENT,
  `categoria` varchar(50) DEFAULT NULL,
  PRIMARY KEY (`id`)
) ENGINE=InnoDB AUTO_INCREMENT=6 DEFAULT CHARSET=utf8mb4;

-- Volcando datos para la tabla parcial_bd.categorias: ~5 rows (aproximadamente)
/*!40000 ALTER TABLE `categorias` DISABLE KEYS */;
INSERT INTO `categorias` (`id`, `categoria`) VALUES
	(1, 'baby'),
	(2, 'cleaning'),
	(3, 'dairy'),
	(4, 'fruits'),
	(5, 'meats');
/*!40000 ALTER TABLE `categorias` ENABLE KEYS */;

-- Volcando estructura para tabla parcial_bd.estados
CREATE TABLE IF NOT EXISTS `estados` (
  `id` tinyint(4) NOT NULL AUTO_INCREMENT,
  `estado` varchar(50) DEFAULT NULL,
  PRIMARY KEY (`id`)
) ENGINE=InnoDB AUTO_INCREMENT=2 DEFAULT CHARSET=utf8mb4;

-- Volcando datos para la tabla parcial_bd.estados: ~2 rows (aproximadamente)
/*!40000 ALTER TABLE `estados` DISABLE KEYS */;
INSERT INTO `estados` (`id`, `estado`) VALUES
	(0, 'INACTIVO'),
	(1, 'ACTIVO');
/*!40000 ALTER TABLE `estados` ENABLE KEYS */;

-- Volcando estructura para tabla parcial_bd.producto
CREATE TABLE IF NOT EXISTS `producto` (
  `id` int(11) NOT NULL AUTO_INCREMENT,
  `nombre` varchar(255) NOT NULL DEFAULT '0',
  `precio_venta_iva` decimal(14,2) NOT NULL DEFAULT '0.00',
  `precio_compra` decimal(14,2) NOT NULL DEFAULT '0.00',
  `categoria` int(11) DEFAULT NULL,
  `activo` tinyint(4) NOT NULL DEFAULT '0',
  `porcentaje_iva` decimal(4,2) NOT NULL DEFAULT '0.00',
  PRIMARY KEY (`id`)
) ENGINE=InnoDB AUTO_INCREMENT=1002 DEFAULT CHARSET=utf8;

-- Volcando datos para la tabla parcial_bd.producto: ~1.000 rows (aproximadamente)
/*!40000 ALTER TABLE `producto` DISABLE KEYS */;
INSERT INTO `producto` (`id`, `nombre`, `precio_venta_iva`, `precio_compra`, `categoria`, `activo`, `porcentaje_iva`) VALUES
	(2, 'Croissants Thaw And Serve', 28425.39, 12469.36, 3, 1, 0.00),
	(3, 'Clams - Bay', 26981.34, 13865.00, 3, 1, 0.00),
	(4, 'Steampan - Half Size Shallow', 25709.11, 10175.92, 1, 1, 5.00),
	(5, 'Wiberg Super Cure', 28803.61, 12015.41, 2, 0, 19.00),
	(6, 'Rootbeer', 27155.72, 16605.94, 2, 0, 19.00),
	(7, 'Split Peas - Green, Dry', 28597.30, 14676.59, 1, 0, 0.00),
	(8, 'Wine - Muscadet Sur Lie', 26895.93, 18444.37, 4, 0, 5.00),
	(9, 'Beef - Outside, Round', 28007.73, 13252.34, 2, 0, 19.00),
	(10, 'Gingerale - Schweppes, 355 Ml', 28563.19, 12608.81, 5, 1, 19.00),
	(11, 'Beer - Mcauslan Apricot', 27065.29, 16807.70, 1, 0, 19.00),
	(12, 'Venison - Ground', 25474.48, 14303.04, 2, 1, 19.00),
	(13, 'Shrimp - 100 / 200 Cold Water', 28107.52, 11170.42, 2, 0, 0.00),
	(14, 'Chinese Foods - Thick Noodles', 25793.64, 18555.79, 2, 1, 19.00),
	(15, 'Cheese - Cheddar, Medium', 29764.15, 10192.44, 4, 0, 19.00),
	(16, 'Soup Campbells Split Pea And Ham', 27383.29, 12024.87, 1, 1, 19.00),
	(17, 'Wine - Valpolicella Masi', 29354.85, 13948.99, 4, 1, 5.00),
	(18, 'Cheese Cloth', 27865.05, 16352.03, 1, 0, 5.00),
	(19, 'Beef - Tenderloin', 28449.60, 19456.15, 1, 1, 5.00),
	(20, 'Remy Red Berry Infusion', 28324.19, 17239.73, 1, 0, 19.00),
	(21, 'Ranchero - Primerba, Paste', 25060.79, 17699.38, 4, 0, 19.00),
	(22, 'Veal - Brisket, Provimi,bnls', 26689.39, 11451.19, 3, 1, 19.00),
	(23, 'Cheese - Feta', 25957.97, 16636.29, 1, 1, 5.00),
	(24, 'Milk - Buttermilk', 26580.30, 16896.18, 1, 1, 19.00),
	(25, 'Wheat - Soft Kernal Of Wheat', 28853.07, 19937.02, 3, 1, 19.00),
	(26, 'Sugar - Invert', 29337.75, 18719.69, 3, 1, 5.00),
	(27, 'Wine - Chateauneuf Du Pape', 26483.68, 16943.04, 3, 0, 5.00),
	(28, 'Wine - Domaine Boyar Royal', 27692.45, 18169.88, 2, 1, 5.00),
	(29, 'Apple - Macintosh', 25723.82, 10367.48, 3, 0, 19.00),
	(30, 'Baking Powder', 28257.45, 10658.41, 5, 0, 0.00),
	(31, 'Grapefruit - Pink', 25351.02, 13363.45, 3, 0, 19.00),
	(32, 'Cheese - Bocconcini', 25534.29, 17979.66, 5, 1, 19.00),
	(33, 'Tea - Lemon Scented', 27780.14, 15046.42, 3, 1, 19.00),
	(34, 'Alize Gold Passion', 26546.34, 11216.31, 5, 1, 0.00),
	(35, 'Peach - Halves', 25384.22, 10668.17, 5, 1, 0.00),
	(36, 'Passion Fruit', 26645.10, 13674.51, 5, 0, 19.00),
	(37, 'Cumin - Whole', 25388.55, 10202.53, 4, 0, 19.00),
	(38, 'Shrimp - Black Tiger 13/15', 28282.16, 12105.44, 3, 0, 5.00),
	(39, 'Rosemary - Primerba, Paste', 27902.23, 10388.83, 5, 0, 5.00),
	(40, 'Coffee Cup 16oz Foam', 28554.09, 14819.06, 2, 0, 5.00),
	(41, 'Pork - Backs - Boneless', 26268.49, 18992.97, 2, 1, 19.00),
	(42, 'Molasses - Fancy', 26659.34, 18962.38, 5, 1, 19.00),
	(43, 'Pepsi, 355 Ml', 28683.29, 13295.40, 2, 1, 0.00),
	(44, 'Turkey - Ground. Lean', 28761.26, 19214.61, 2, 0, 19.00),
	(45, 'Vodka - Smirnoff', 28749.95, 18029.40, 4, 0, 19.00),
	(46, 'Curry Powder Madras', 29696.02, 11675.95, 1, 0, 19.00),
	(47, 'Wine - Rosso Del Veronese Igt', 28423.39, 16730.57, 2, 1, 0.00),
	(48, 'Soup - Beef Conomme, Dry', 25551.39, 14202.41, 3, 0, 0.00),
	(49, 'Instant Coffee', 26909.46, 10471.92, 3, 1, 0.00),
	(50, 'Cream Of Tartar', 27789.07, 18746.63, 1, 0, 5.00),
	(51, 'Pail - 4l White, With Handle', 28180.82, 11125.85, 4, 1, 19.00),
	(52, 'Apple - Granny Smith', 29576.23, 19403.10, 1, 1, 19.00),
	(53, 'Garbage Bags - Clear', 26025.81, 16660.12, 3, 1, 5.00),
	(54, 'Mushroom - White Button', 26997.67, 12520.71, 5, 1, 0.00),
	(55, 'Appetizer - Southwestern', 25285.22, 18238.35, 2, 1, 19.00),
	(56, 'Dc - Frozen Momji', 27990.81, 11167.79, 4, 1, 19.00),
	(57, 'Pepper - Red, Finger Hot', 29361.08, 10211.89, 2, 1, 5.00),
	(58, 'Cheese - Brie Roitelet', 25056.98, 17778.76, 3, 0, 0.00),
	(59, 'Dish Towel', 27607.72, 11070.11, 4, 0, 19.00),
	(60, 'Green Tea Refresher', 29376.40, 19510.02, 4, 0, 19.00),
	(61, 'Tuna - Salad Premix', 29481.13, 17456.98, 3, 0, 19.00),
	(62, 'Olives - Stuffed', 27392.58, 14337.58, 3, 1, 5.00),
	(63, 'Juice - Lagoon Mango', 25320.15, 11613.98, 5, 1, 19.00),
	(64, 'Sausage - Meat', 29669.43, 12086.47, 5, 0, 19.00),
	(65, 'Vodka - Lemon, Absolut', 26910.75, 19880.93, 3, 1, 19.00),
	(66, 'Wine - Fume Blanc Fetzer', 28174.47, 10120.82, 5, 0, 0.00),
	(67, 'Sole - Fillet', 25099.70, 11106.71, 4, 0, 19.00),
	(68, 'Lychee', 29784.11, 14895.73, 4, 0, 5.00),
	(69, 'Milk - Homo', 28131.12, 12983.13, 2, 0, 19.00),
	(70, 'Container - Clear 16 Oz', 27319.64, 14160.37, 1, 1, 0.00),
	(71, 'Jolt Cola - Electric Blue', 29113.95, 15209.55, 5, 0, 19.00),
	(72, 'Spinach - Baby', 29111.91, 11189.12, 2, 1, 0.00),
	(73, 'Spinach - Spinach Leaf', 26048.10, 19955.71, 1, 0, 0.00),
	(74, 'Lamb - Bones', 27363.88, 18165.93, 4, 0, 5.00),
	(75, 'Oranges', 29657.50, 10399.42, 4, 0, 5.00),
	(76, 'Pepper - Cubanelle', 28118.32, 15298.83, 3, 0, 5.00),
	(77, 'Truffle Shells - White Chocolate', 29810.16, 14500.48, 1, 0, 5.00),
	(78, 'Salmon - Atlantic, Skin On', 26127.32, 10884.89, 1, 0, 5.00),
	(79, 'Bread Base - Gold Formel', 25528.66, 12964.02, 1, 0, 19.00),
	(80, 'Soup - Campbells, Cream Of', 29971.86, 16366.14, 4, 0, 5.00),
	(81, 'Venison - Striploin', 28796.99, 10749.96, 3, 0, 5.00),
	(82, 'Pumpkin - Seed', 29937.44, 13799.19, 4, 1, 19.00),
	(83, 'Cheese - Roquefort Pappillon', 26237.94, 11395.10, 3, 0, 5.00),
	(84, 'Muffin - Mix - Strawberry Rhubarb', 29225.72, 17610.02, 4, 1, 19.00),
	(85, 'Bag - Bread, White, Plain', 28569.00, 16023.44, 5, 1, 0.00),
	(86, 'Extract - Almond', 27992.05, 16156.92, 1, 1, 0.00),
	(87, 'Smoked Tongue', 29556.03, 13461.46, 1, 0, 5.00),
	(88, 'Baking Soda', 29540.49, 18744.35, 2, 0, 5.00),
	(89, 'Wine - Segura Viudas Aria Brut', 26442.25, 14261.17, 3, 1, 19.00),
	(90, 'Tray - Foam, Square 4 - S', 25766.89, 17707.07, 1, 1, 5.00),
	(91, 'Cocktail Napkin Blue', 28632.60, 18667.49, 2, 1, 19.00),
	(92, 'Garam Marsala', 28459.53, 13477.17, 4, 1, 5.00),
	(93, 'Tart Shells - Barquettes, Savory', 26272.96, 18237.65, 3, 0, 5.00),
	(94, 'Bay Leaf Fresh', 26557.92, 17039.15, 5, 1, 19.00),
	(95, 'Chinese Foods - Pepper Beef', 28351.20, 11046.16, 2, 0, 19.00),
	(96, 'Asparagus - White, Fresh', 25011.33, 13080.47, 4, 1, 5.00),
	(97, 'Lid Coffeecup 12oz D9542b', 28757.71, 11352.60, 3, 1, 5.00),
	(98, 'Saskatoon Berries - Frozen', 29633.48, 15746.92, 4, 0, 19.00),
	(99, 'Wine - Casablanca Valley', 28179.67, 10804.31, 5, 1, 0.00),
	(100, 'Appetizer - Escargot Puff', 28746.72, 11377.95, 3, 1, 0.00),
	(101, 'Turnip - White, Organic', 28059.78, 14997.92, 5, 0, 0.00),
	(102, 'Anchovy Paste - 56 G Tube', 26331.98, 14882.32, 2, 1, 0.00),
	(103, 'Cheese - Gorgonzola', 27794.83, 16139.85, 4, 1, 5.00),
	(104, 'Black Currants', 27554.16, 12093.61, 4, 1, 5.00),
	(105, 'Wine - White, Chardonnay', 29327.39, 11039.85, 5, 0, 5.00),
	(106, 'Cheese - Mozzarella, Shredded', 28288.58, 14008.35, 4, 0, 19.00),
	(107, 'Cheese - St. Andre', 29221.48, 18977.51, 1, 0, 0.00),
	(108, 'Wine - Fat Bastard Merlot', 29172.44, 11426.60, 2, 0, 19.00),
	(109, 'Fiddlehead - Frozen', 26871.44, 13337.40, 2, 0, 5.00),
	(110, 'Daikon Radish', 25618.87, 19369.06, 3, 0, 0.00),
	(111, 'Towel - Roll White', 27198.39, 10024.40, 1, 1, 19.00),
	(112, 'Soup - Campbells Beef Strogonoff', 25176.95, 18174.01, 4, 1, 19.00),
	(113, 'Yeast - Fresh, Fleischman', 28996.29, 16972.25, 1, 0, 19.00),
	(114, 'The Pop Shoppe - Grape', 26263.52, 16348.16, 4, 0, 19.00),
	(115, 'Garam Marsala', 28042.94, 13117.48, 4, 0, 5.00),
	(116, 'Bread - Corn Muffaletta', 25296.05, 15214.67, 2, 1, 5.00),
	(117, 'Clam - Cherrystone', 27637.14, 11345.44, 5, 1, 5.00),
	(118, 'Aromat Spice / Seasoning', 28420.02, 12716.72, 5, 1, 5.00),
	(119, 'Island Oasis - Lemonade', 29327.34, 18506.53, 5, 1, 0.00),
	(120, 'Sauce - Black Current, Dry Mix', 26577.00, 13531.46, 4, 0, 0.00),
	(121, 'Molasses - Fancy', 25393.28, 13741.90, 1, 0, 5.00),
	(122, 'Appetizer - Mango Chevre', 27757.90, 18296.77, 2, 0, 19.00),
	(123, 'Juice - Happy Planet', 28021.66, 14418.14, 2, 1, 5.00),
	(124, 'Country Roll', 27596.10, 13528.89, 1, 1, 19.00),
	(125, 'Pastry - Apple Muffins - Mini', 26217.42, 18000.44, 2, 1, 0.00),
	(126, 'Corn Syrup', 28480.48, 12579.96, 4, 0, 5.00),
	(127, 'Cheese - Cheddar, Medium', 27220.87, 15419.06, 4, 1, 19.00),
	(128, 'Beer - Steamwhistle', 29409.01, 19205.55, 5, 0, 19.00),
	(129, 'Pasta - Penne, Rigate, Dry', 28837.76, 18671.28, 1, 0, 19.00),
	(130, 'Bread Crumbs - Japanese Style', 26625.88, 13057.57, 5, 1, 19.00),
	(131, 'Boogies', 29779.70, 12495.22, 1, 1, 5.00),
	(132, 'Table Cloth 90x90 Colour', 29239.95, 15298.63, 3, 0, 0.00),
	(133, 'Wine - Mondavi Coastal Private', 26947.39, 19893.50, 1, 0, 19.00),
	(134, 'Table Cloth 81x81 Colour', 29467.42, 13854.67, 2, 0, 19.00),
	(135, 'Raisin - Golden', 29461.92, 15249.48, 4, 1, 5.00),
	(136, 'Rice Pilaf, Dry,package', 27119.26, 10229.28, 3, 0, 5.00),
	(137, 'Creme De Cacao White', 27316.62, 19680.91, 2, 1, 5.00),
	(138, 'Pasta - Shells, Medium, Dry', 28100.51, 12982.34, 4, 0, 0.00),
	(139, 'Bread - 10 Grain Parisian', 27579.84, 11658.68, 4, 0, 0.00),
	(140, 'Veal - Tenderloin, Untrimmed', 26705.08, 17531.92, 1, 0, 5.00),
	(141, 'Quinoa', 26041.65, 15568.22, 1, 1, 5.00),
	(142, 'Sauce - Apple, Unsweetened', 29620.33, 11728.05, 5, 0, 19.00),
	(143, 'Nut - Pine Nuts, Whole', 26974.80, 10237.65, 1, 0, 5.00),
	(144, 'Chocolate - Milk Coating', 26645.77, 14436.24, 4, 0, 5.00),
	(145, 'Wine - Cava Aria Estate Brut', 28812.05, 18717.13, 2, 0, 19.00),
	(146, 'Tomatoes Tear Drop', 28854.40, 13348.04, 2, 1, 5.00),
	(147, 'Momiji Oroshi Chili Sauce', 29696.42, 17294.69, 2, 1, 0.00),
	(148, 'Ice - Clear, 300 Lb For Carving', 27880.14, 18818.92, 3, 1, 5.00),
	(149, 'Island Oasis - Banana Daiquiri', 29963.51, 18780.42, 2, 1, 19.00),
	(150, 'Chicken Giblets', 25961.16, 13306.12, 3, 0, 0.00),
	(151, 'Cup - 4oz Translucent', 29059.42, 10340.91, 1, 1, 5.00),
	(152, 'Tomatoes - Vine Ripe, Red', 29869.88, 14098.47, 1, 1, 0.00),
	(153, 'Garlic - Peeled', 27153.31, 18335.53, 5, 1, 19.00),
	(154, 'Bread - Pain Au Liat X12', 26380.69, 17321.32, 3, 1, 5.00),
	(155, 'Sobe - Liz Blizz', 28254.47, 11424.94, 2, 1, 19.00),
	(156, 'Filling - Mince Meat', 29632.17, 18301.75, 2, 1, 5.00),
	(157, 'Bread - Crumbs, Bulk', 26226.61, 18546.13, 2, 1, 0.00),
	(158, 'Soup - Campbells, Lentil', 26841.78, 17973.86, 2, 0, 0.00),
	(159, 'Soup - Campbells Beef Noodle', 27739.47, 16489.87, 4, 1, 5.00),
	(160, 'Stock - Beef, Brown', 26632.80, 18811.34, 5, 0, 0.00),
	(161, 'Mushroom - Chanterelle, Dry', 25018.39, 18129.43, 2, 0, 5.00),
	(162, 'Wine - Magnotta - Cab Sauv', 29464.07, 15167.54, 2, 1, 19.00),
	(163, 'Wine La Vielle Ferme Cote Du', 25344.13, 15803.98, 1, 1, 5.00),
	(164, 'Isomalt', 26189.02, 12930.37, 3, 1, 0.00),
	(165, 'Carbonated Water - Raspberry', 29016.38, 16146.04, 1, 1, 19.00),
	(166, 'Watercress', 28818.47, 11816.62, 2, 0, 0.00),
	(167, 'Vinegar - Balsamic, White', 26951.18, 10758.00, 4, 0, 5.00),
	(168, 'Spinach - Packaged', 25572.99, 10625.14, 3, 0, 19.00),
	(169, 'Flour Dark Rye', 28160.37, 13589.96, 2, 1, 19.00),
	(170, 'Bread - Bagels, Mini', 26398.71, 17102.48, 4, 1, 0.00),
	(171, 'Milk 2% 500 Ml', 29718.63, 11111.82, 1, 1, 19.00),
	(172, 'Juice - Apple Cider', 28227.36, 11883.56, 1, 1, 5.00),
	(173, 'Star Anise, Whole', 27204.90, 10792.79, 4, 1, 0.00),
	(174, 'Bread Crumbs - Panko', 26561.15, 16180.39, 4, 0, 19.00),
	(175, 'Beer - Creemore', 29080.81, 17814.91, 4, 1, 0.00),
	(176, 'Chicken - Whole Roasting', 28596.03, 18349.73, 1, 0, 5.00),
	(177, 'Juice - Grape, White', 28056.75, 15448.66, 2, 0, 5.00),
	(178, 'Pears - Bosc', 27360.50, 16782.99, 1, 1, 0.00),
	(179, 'Anchovy Paste - 56 G Tube', 27704.54, 11657.05, 5, 1, 5.00),
	(180, 'Curry Paste - Green Masala', 29208.69, 15056.09, 3, 0, 5.00),
	(181, 'Chinese Foods - Plain Fried Rice', 28423.93, 15103.43, 4, 0, 0.00),
	(182, 'Toamtoes 6x7 Select', 26407.51, 13743.08, 3, 1, 0.00),
	(183, 'Pasta - Lasagna, Dry', 28550.51, 10858.22, 1, 0, 19.00),
	(184, 'Compound - Orange', 27023.64, 14575.66, 5, 0, 19.00),
	(185, 'Monkfish - Fresh', 27955.43, 13392.86, 2, 0, 0.00),
	(186, 'Ketchup - Tomato', 28303.69, 10799.71, 2, 0, 0.00),
	(187, 'Easy Off Oven Cleaner', 25516.69, 13051.40, 1, 1, 5.00),
	(188, 'Oil - Hazelnut', 28215.73, 16442.14, 2, 0, 5.00),
	(189, 'Cheese - Cheddar With Claret', 25473.27, 16612.74, 4, 0, 5.00),
	(190, 'Tamarillo', 29949.10, 19750.77, 4, 1, 19.00),
	(191, 'Parsley - Dried', 25181.55, 10857.82, 2, 1, 19.00),
	(192, 'Mushroom - Trumpet, Dry', 25589.51, 15084.94, 2, 1, 19.00),
	(193, 'Bread - Roll, Italian', 27169.45, 18810.30, 3, 0, 5.00),
	(194, 'Rice - Sushi', 29433.95, 16774.05, 4, 0, 19.00),
	(195, 'Lobster - Live', 26876.76, 10866.13, 1, 0, 5.00),
	(196, 'Ice Cream - Vanilla', 28409.65, 19518.49, 1, 1, 5.00),
	(197, 'Sauce - Alfredo', 25853.28, 13848.07, 3, 1, 0.00),
	(198, 'Soy Protein', 28088.86, 16856.76, 3, 1, 5.00),
	(199, 'Table Cloth - 53x69 Colour', 29265.92, 13435.89, 1, 1, 19.00),
	(200, 'Cup - 3.5oz, Foam', 29938.10, 13192.97, 1, 0, 5.00),
	(201, 'Graham Cracker Mix', 28211.37, 10313.14, 1, 1, 0.00),
	(202, 'Cheese Cloth', 25386.10, 18175.71, 5, 1, 5.00),
	(203, 'Wine - Pinot Noir Mondavi Coastal', 26755.48, 11437.43, 2, 1, 5.00),
	(204, 'Lamb - Sausage Casings', 27066.98, 12663.29, 2, 0, 5.00),
	(205, 'Wine - Jafflin Bourgongone', 25949.60, 19506.73, 1, 1, 0.00),
	(206, 'Wine - Barolo Fontanafredda', 29492.16, 14422.40, 2, 0, 5.00),
	(207, 'Apple - Royal Gala', 29235.43, 16545.11, 5, 1, 19.00),
	(208, 'Olives - Morracan Dired', 26769.07, 14837.15, 3, 0, 19.00),
	(209, 'Tomatillo', 29031.80, 15868.28, 4, 0, 19.00),
	(210, 'Cup Translucent 9 Oz', 27730.90, 14832.89, 1, 1, 0.00),
	(211, 'Beans - Kidney, Red Dry', 27720.56, 19864.88, 4, 0, 0.00),
	(212, 'Wine - White, Colubia Cresh', 29413.39, 15850.39, 2, 0, 0.00),
	(213, 'Wine - Casillero Del Diablo', 25647.70, 17965.27, 4, 0, 5.00),
	(214, 'Tarts Assorted', 28069.46, 11382.50, 4, 0, 0.00),
	(215, 'Container - Clear 16 Oz', 27962.09, 14197.35, 1, 1, 19.00),
	(216, 'Pork - Tenderloin, Fresh', 26382.34, 10857.07, 3, 0, 5.00),
	(217, 'Olives - Stuffed', 26798.22, 17764.49, 3, 1, 0.00),
	(218, 'Water - Evian 355 Ml', 25239.34, 18688.62, 5, 0, 19.00),
	(219, 'Vinegar - Champagne', 27471.31, 19754.92, 2, 1, 19.00),
	(220, 'Black Currants', 27463.22, 13536.37, 2, 0, 5.00),
	(221, 'Cheese - Goat', 25762.18, 11128.21, 5, 0, 5.00),
	(222, 'Bread Sour Rolls', 28430.48, 19336.22, 4, 1, 0.00),
	(223, 'Bread Foccacia Whole', 28198.40, 17692.01, 3, 0, 19.00),
	(224, 'Vinegar - Rice', 25948.92, 19350.11, 3, 0, 5.00),
	(225, 'Mangoes', 26546.54, 10389.47, 1, 1, 5.00),
	(226, 'Cleaner - Lime Away', 26008.50, 18755.85, 1, 1, 5.00),
	(227, 'Crab - Dungeness, Whole, live', 28526.42, 12693.11, 4, 0, 0.00),
	(228, 'Tomatoes', 29008.25, 15966.53, 4, 1, 5.00),
	(229, 'Cheese - Pont Couvert', 26224.43, 18792.02, 2, 0, 0.00),
	(230, 'Sage Derby', 28551.32, 17484.81, 3, 0, 0.00),
	(231, 'Oil - Food, Lacquer Spray', 27755.66, 15608.33, 3, 1, 19.00),
	(232, 'Apple - Delicious, Golden', 29267.67, 19495.80, 3, 0, 5.00),
	(233, 'Langers - Ruby Red Grapfruit', 28626.38, 17413.38, 3, 0, 5.00),
	(234, 'Corn Meal', 25060.81, 13516.30, 4, 1, 0.00),
	(235, 'Graham Cracker Mix', 29912.44, 18760.98, 3, 0, 0.00),
	(236, 'Scallops - In Shell', 27740.55, 10449.81, 5, 0, 0.00),
	(237, 'Soup - Campbellschix Stew', 26536.16, 14414.56, 3, 1, 5.00),
	(238, 'Radish', 26348.59, 18976.50, 5, 1, 19.00),
	(239, 'Kellogs Special K Cereal', 25613.96, 12893.00, 3, 1, 5.00),
	(240, 'Madeira', 27895.27, 13706.58, 2, 0, 5.00),
	(241, 'Wanton Wrap', 25624.86, 17122.46, 3, 1, 5.00),
	(242, 'Fruit Salad Deluxe', 25052.10, 17096.23, 1, 1, 0.00),
	(243, 'Lamb - Shoulder, Boneless', 25971.09, 14550.34, 5, 0, 5.00),
	(244, 'Plaintain', 26469.49, 12569.92, 2, 1, 5.00),
	(245, 'Vodka - Lemon, Absolut', 28935.39, 18971.24, 5, 0, 5.00),
	(246, 'Tomatoes Tear Drop Yellow', 29334.10, 10709.20, 5, 1, 0.00),
	(247, 'Ocean Spray - Ruby Red', 29607.73, 16073.36, 4, 1, 0.00),
	(248, 'Lid Tray - 16in Dome', 26262.05, 18236.86, 4, 0, 19.00),
	(249, 'Salmon - Atlantic, No Skin', 29906.57, 17899.49, 5, 0, 19.00),
	(250, 'Beef - Shank', 27145.76, 13019.59, 1, 1, 19.00),
	(251, 'Lamb - Racks, Frenched', 26712.11, 15348.38, 4, 1, 5.00),
	(252, 'Sachet', 27994.99, 19055.13, 5, 0, 5.00),
	(253, 'Cheese - Grana Padano', 25853.40, 16440.52, 5, 1, 19.00),
	(254, 'Plate Foam Laminated 9in Blk', 28925.38, 14705.53, 1, 1, 0.00),
	(255, 'Muffin Mix - Oatmeal', 25528.51, 13977.87, 4, 1, 0.00),
	(256, 'Spring Roll Veg Mini', 28483.88, 13101.42, 4, 1, 5.00),
	(257, 'Chocolate - Semi Sweet, Calets', 25155.68, 13427.25, 4, 0, 0.00),
	(258, 'Cheese - Brie', 29082.04, 13336.47, 5, 1, 5.00),
	(259, 'Gatorade - Fruit Punch', 27541.77, 14498.22, 2, 1, 19.00),
	(260, 'Beef - Tenderloin Tails', 26794.56, 10035.67, 4, 1, 0.00),
	(261, 'Crush - Cream Soda', 25130.57, 16656.95, 3, 1, 0.00),
	(262, 'Bread - Rosemary Focaccia', 26960.25, 12275.93, 4, 0, 19.00),
	(263, 'Bagel - Ched Chs Presliced', 27723.08, 16960.09, 5, 0, 0.00),
	(264, 'Plums - Red', 29370.67, 16349.71, 5, 0, 5.00),
	(265, 'Seedlings - Buckwheat, Organic', 25451.57, 18464.55, 3, 1, 5.00),
	(266, 'Calypso - Pineapple Passion', 27562.36, 14969.96, 5, 1, 0.00),
	(267, 'Tarragon - Fresh', 27377.61, 14717.53, 4, 1, 19.00),
	(268, 'Halibut - Steaks', 29073.83, 12815.65, 2, 0, 5.00),
	(269, 'Sparkling Wine - Rose, Freixenet', 29645.03, 16189.03, 2, 1, 19.00),
	(270, 'Dawn Professionl Pot And Pan', 29876.54, 11834.71, 5, 1, 5.00),
	(271, 'Octopus - Baby, Cleaned', 26647.05, 17712.62, 4, 0, 0.00),
	(272, 'Compound - Passion Fruit', 26307.74, 17982.64, 5, 0, 0.00),
	(273, 'Creme De Menthe Green', 27309.46, 19174.92, 5, 1, 19.00),
	(274, 'Wine - Cava Aria Estate Brut', 26193.95, 19318.16, 5, 0, 19.00),
	(275, 'Jameson - Irish Whiskey', 27308.96, 12871.61, 3, 1, 5.00),
	(276, 'Quail Eggs - Canned', 28612.09, 17815.98, 3, 0, 5.00),
	(277, 'Roe - Lump Fish, Red', 28175.09, 12957.36, 2, 1, 5.00),
	(278, 'Chocolate - Dark Callets', 27692.86, 18242.78, 4, 0, 19.00),
	(279, 'Cookies Oatmeal Raisin', 28291.75, 17174.54, 1, 1, 5.00),
	(280, 'Syrup - Chocolate', 25171.11, 14610.75, 3, 1, 19.00),
	(281, 'Sauce - Sesame Thai Dressing', 26284.85, 14347.38, 5, 0, 0.00),
	(282, 'Galliano', 27750.22, 19234.25, 3, 1, 0.00),
	(283, 'Lettuce - Escarole', 25298.18, 16690.70, 1, 0, 19.00),
	(284, 'Soap - Mr.clean Floor Soap', 29101.34, 19862.85, 5, 1, 19.00),
	(285, 'Huck Towels White', 25886.54, 18125.23, 1, 1, 19.00),
	(286, 'Table Cloth 144x90 White', 25126.29, 10499.47, 1, 0, 19.00),
	(287, 'Sole - Dover, Whole, Fresh', 26932.74, 11663.87, 1, 1, 5.00),
	(288, 'Mustard - Pommery', 28665.34, 14820.23, 1, 1, 5.00),
	(289, 'Apron', 29473.82, 18510.83, 4, 0, 5.00),
	(290, 'Soupcontfoam16oz 116con', 29575.73, 15701.54, 4, 1, 19.00),
	(291, 'Pepperoni Slices', 27678.71, 16053.45, 5, 1, 5.00),
	(292, 'Cake - Cheese Cake 9 Inch', 25723.24, 13199.02, 1, 1, 19.00),
	(293, 'Juice - Mango', 25732.49, 11630.27, 1, 0, 0.00),
	(294, 'Beer - Blue Light', 26864.43, 11676.45, 1, 0, 0.00),
	(295, 'Hummus - Spread', 25309.38, 11144.00, 3, 0, 5.00),
	(296, 'Juice - Tomato, 48 Oz', 26831.14, 13858.07, 5, 0, 0.00),
	(297, 'Wine - Beaujolais Villages', 26391.14, 12883.02, 3, 0, 0.00),
	(298, 'Duck - Legs', 28378.98, 15528.58, 3, 0, 5.00),
	(299, 'Squash - Pattypan, Yellow', 29404.58, 16616.65, 1, 0, 5.00),
	(300, 'Icecream - Dstk Strw Chseck', 25796.01, 16147.97, 2, 1, 19.00),
	(301, 'Mushroom - Chantrelle, Fresh', 28814.97, 13286.91, 2, 0, 0.00),
	(302, 'Cheese - Romano, Grated', 29318.02, 15677.05, 3, 1, 5.00),
	(303, 'Browning Caramel Glace', 27124.40, 19686.48, 1, 1, 19.00),
	(304, 'Chocolate - Milk, Callets', 27844.87, 15151.40, 1, 0, 19.00),
	(305, 'Tamarind Paste', 27334.93, 16066.08, 2, 1, 0.00),
	(306, 'Oil - Truffle, Black', 25928.93, 19379.32, 5, 0, 0.00),
	(307, 'Apples - Sliced / Wedge', 29647.05, 14217.46, 5, 1, 0.00),
	(308, 'Beets - Pickled', 26119.22, 14738.38, 5, 0, 5.00),
	(309, 'Mustard - Dry, Powder', 27879.13, 19584.91, 4, 0, 0.00),
	(310, 'Flour - Strong', 25262.26, 14602.54, 5, 1, 5.00),
	(311, 'Pork - Chop, Frenched', 27652.05, 18952.56, 2, 0, 19.00),
	(312, 'Bagelers', 27726.32, 14784.69, 2, 1, 0.00),
	(313, 'Cookies Cereal Nut', 28949.83, 11550.33, 4, 1, 5.00),
	(314, 'Soup Bowl Clear 8oz92008', 25471.70, 10027.74, 4, 0, 19.00),
	(315, 'Soup - Campbells, Minestrone', 29558.46, 11932.60, 4, 1, 5.00),
	(316, 'Crab - Claws, Snow 16 - 24', 25067.41, 17708.18, 1, 0, 0.00),
	(317, 'Wine - Vidal Icewine Magnotta', 29091.45, 19037.14, 1, 0, 5.00),
	(318, 'Bag - Clear 7 Lb', 25784.60, 13947.10, 3, 0, 5.00),
	(319, 'Pears - Bosc', 26622.77, 11377.91, 4, 0, 5.00),
	(320, 'Pork - European Side Bacon', 29493.24, 18245.94, 3, 0, 19.00),
	(321, 'Water - San Pellegrino', 29225.48, 12089.88, 5, 1, 0.00),
	(322, 'Cocoa Powder - Natural', 25503.13, 11195.64, 1, 0, 5.00),
	(323, 'Pomegranates', 29511.32, 16925.58, 4, 1, 0.00),
	(324, 'Pork Loin Cutlets', 25913.91, 14820.55, 3, 1, 0.00),
	(325, 'Pepper - Roasted Red', 28202.60, 14467.99, 5, 1, 0.00),
	(326, 'Table Cloth 90x90 Colour', 28769.36, 19444.34, 4, 0, 5.00),
	(327, 'Milk - Condensed', 29835.86, 10698.70, 2, 1, 0.00),
	(328, 'Muffin Batt - Ban Dream Zero', 28134.19, 10392.89, 4, 0, 0.00),
	(329, 'Samosa - Veg', 29326.66, 17991.44, 5, 0, 5.00),
	(330, 'Easy Off Oven Cleaner', 29979.26, 13188.18, 5, 1, 19.00),
	(331, 'Pastry - Choclate Baked', 27660.97, 18851.95, 5, 0, 0.00),
	(332, 'Longos - Penne With Pesto', 29654.00, 16722.09, 3, 1, 19.00),
	(333, 'Orange - Blood', 26931.05, 12379.87, 1, 0, 0.00),
	(334, 'Jolt Cola - Electric Blue', 26151.41, 12614.93, 2, 0, 0.00),
	(335, 'Hummus - Spread', 28882.74, 14223.00, 3, 0, 0.00),
	(336, 'Tray - 16in Rnd Blk', 29014.77, 14022.99, 5, 1, 0.00),
	(337, 'Wine - Blue Nun Qualitatswein', 27023.38, 16534.94, 5, 0, 19.00),
	(338, 'Sage - Rubbed', 26788.05, 17470.76, 1, 1, 5.00),
	(339, 'Soup - Canadian Pea, Dry Mix', 28427.14, 16827.90, 1, 0, 5.00),
	(340, 'Tea - Lemon Green Tea', 25535.16, 15330.47, 4, 0, 5.00),
	(341, 'Tequila Rose Cream Liquor', 26084.08, 18981.25, 1, 0, 5.00),
	(342, 'Cardamon Seed / Pod', 25074.38, 12899.61, 5, 0, 5.00),
	(343, 'Muffin - Blueberry Individual', 28309.45, 15939.02, 1, 0, 0.00),
	(344, 'Leeks - Baby, White', 29151.53, 18363.76, 2, 1, 19.00),
	(345, 'Muffin - Zero Transfat', 28138.70, 11248.32, 5, 1, 5.00),
	(346, 'Dill - Primerba, Paste', 27667.62, 12568.83, 5, 0, 19.00),
	(347, 'Beef - Tongue, Cooked', 25756.37, 17633.16, 1, 0, 19.00),
	(348, 'Table Cloth 54x54 White', 28825.27, 18551.48, 4, 1, 0.00),
	(349, 'Icecream - Dstk Super Cone', 25631.98, 17701.56, 3, 0, 19.00),
	(350, 'Wine - Zonnebloem Pinotage', 29955.60, 15391.59, 4, 0, 19.00),
	(351, 'Icecream Bar - Del Monte', 27748.18, 15944.15, 3, 0, 0.00),
	(352, 'Olives - Stuffed', 27742.99, 19058.06, 2, 1, 19.00),
	(353, 'Flour - Strong Pizza', 26297.37, 12046.14, 3, 1, 0.00),
	(354, 'Juice - Ocean Spray Cranberry', 27681.66, 15307.04, 1, 1, 0.00),
	(355, 'Bread - French Baquette', 26451.22, 19894.70, 4, 0, 19.00),
	(356, 'Cheese - Ricotta', 25924.96, 18455.06, 2, 1, 5.00),
	(357, 'Pepper - Yellow Bell', 26616.27, 12227.34, 5, 1, 5.00),
	(358, 'Vodka - Lemon, Absolut', 29680.13, 18345.37, 3, 1, 5.00),
	(359, 'Spice - Peppercorn Melange', 29374.41, 12360.99, 5, 1, 0.00),
	(360, 'Port - 74 Brights', 28975.84, 19667.41, 4, 1, 19.00),
	(361, 'Chocolate - Dark', 25074.54, 14757.90, 3, 0, 19.00),
	(362, 'Sterno - Chafing Dish Fuel', 26362.68, 17219.14, 4, 1, 5.00),
	(363, 'Lemon Balm - Fresh', 27730.57, 14728.94, 4, 1, 19.00),
	(364, 'Mushroom - Porcini, Dry', 27763.35, 11462.69, 5, 1, 0.00),
	(365, 'Chicken - White Meat, No Tender', 28288.49, 11637.74, 2, 0, 0.00),
	(366, 'Jolt Cola', 27948.60, 15436.93, 1, 1, 0.00),
	(367, 'Soup - Campbells Asian Noodle', 28291.58, 17323.21, 3, 0, 0.00),
	(368, 'Calypso - Pineapple Passion', 27876.19, 16782.34, 1, 0, 0.00),
	(369, 'Juice - Lagoon Mango', 26812.02, 16174.34, 4, 1, 0.00),
	(370, 'Waffle Stix', 27431.28, 18693.57, 1, 1, 19.00),
	(371, 'Chocolate - Dark Callets', 29816.52, 13155.95, 4, 1, 5.00),
	(372, 'Molasses - Fancy', 27175.19, 17722.55, 2, 0, 5.00),
	(373, 'General Purpose Trigger', 28015.98, 12837.44, 1, 1, 5.00),
	(374, 'Split Peas - Green, Dry', 28044.63, 19854.23, 1, 0, 5.00),
	(375, 'Dates', 27973.22, 13722.30, 5, 0, 19.00),
	(376, 'Flavouring Vanilla Artificial', 27131.99, 19656.34, 3, 0, 19.00),
	(377, 'Spice - Greek 1 Step', 28189.23, 16475.00, 5, 1, 5.00),
	(378, 'Salt - Sea', 25278.62, 14395.31, 3, 1, 0.00),
	(379, 'Cheese - Gouda Smoked', 29988.21, 10609.39, 3, 1, 0.00),
	(380, 'Red Snapper - Fillet, Skin On', 26301.16, 11707.21, 4, 1, 5.00),
	(381, 'Table Cloth 54x72 White', 27781.30, 15437.40, 2, 1, 5.00),
	(382, 'Cabbage - Red', 26739.29, 13176.88, 2, 1, 19.00),
	(383, 'Cookie - Oreo 100x2', 25778.32, 12656.93, 3, 1, 0.00),
	(384, 'Rootbeer', 27625.90, 13188.63, 5, 1, 0.00),
	(385, 'Whmis - Spray Bottle Trigger', 28546.92, 17025.14, 1, 0, 19.00),
	(386, 'Foil - 4oz Custard Cup', 28764.50, 11971.07, 3, 1, 0.00),
	(387, 'Oneshot Automatic Soap System', 27738.00, 14477.64, 4, 1, 5.00),
	(388, 'Monkfish Fresh - Skin Off', 29399.38, 19050.09, 4, 0, 5.00),
	(389, 'Barley - Pearl', 29676.02, 10998.98, 3, 1, 0.00),
	(390, 'Energy - Boo - Koo', 29345.16, 12521.24, 4, 0, 0.00),
	(391, 'Rootbeer', 29335.13, 12661.24, 1, 0, 5.00),
	(392, 'Tea - Grapefruit Green Tea', 26975.09, 16673.39, 4, 1, 0.00),
	(393, 'Wine - Shiraz South Eastern', 25215.62, 19330.00, 5, 1, 19.00),
	(394, 'Rice Wine - Aji Mirin', 27435.76, 16361.68, 2, 1, 0.00),
	(395, 'Crackers - Trio', 29385.66, 13702.27, 5, 0, 5.00),
	(396, 'Loquat', 28873.45, 16283.31, 3, 1, 19.00),
	(397, 'Lambcasing', 28543.55, 15855.40, 4, 1, 0.00),
	(398, 'Bread - Malt', 28372.19, 12017.64, 5, 1, 19.00),
	(399, 'Pasta - Canelloni, Single Serve', 29337.29, 10899.68, 3, 1, 5.00),
	(400, 'Sour Puss Sour Apple', 26799.98, 15321.87, 2, 1, 0.00),
	(401, 'Sobe - Cranberry Grapefruit', 26643.61, 11861.77, 2, 1, 19.00),
	(402, 'Cheese Cloth No 60', 25620.10, 19637.89, 1, 0, 5.00),
	(403, 'Melon - Cantaloupe', 27241.91, 17712.74, 1, 1, 5.00),
	(404, 'Grouper - Fresh', 29203.11, 15153.24, 1, 1, 19.00),
	(405, 'Dc Hikiage Hira Huba', 26468.26, 11071.87, 5, 0, 19.00),
	(406, 'Pepper - Chillies, Crushed', 28716.97, 14855.49, 2, 0, 19.00),
	(407, 'Corn Kernels - Frozen', 26222.30, 17186.22, 1, 0, 0.00),
	(408, 'Tomatoes - Yellow Hot House', 25617.17, 18715.63, 4, 1, 19.00),
	(409, 'Flour - Masa De Harina Mexican', 26731.14, 18182.82, 4, 0, 0.00),
	(410, 'Ice Cream Bar - Hageen Daz To', 25436.53, 10249.82, 2, 0, 5.00),
	(411, 'Pepper - Red, Finger Hot', 27682.11, 10914.34, 5, 0, 5.00),
	(412, 'Bread - Kimel Stick Poly', 25698.44, 15430.91, 4, 1, 19.00),
	(413, 'Apricots Fresh', 25597.68, 11922.50, 3, 1, 19.00),
	(414, 'Pastry - Chocolate Marble Tea', 27624.28, 14571.42, 3, 0, 0.00),
	(415, 'Liqueur Banana, Ramazzotti', 29942.77, 10172.03, 1, 1, 19.00),
	(416, 'Chambord Royal', 29712.15, 12460.25, 4, 1, 0.00),
	(417, 'Shrimp - 100 / 200 Cold Water', 29232.50, 17462.80, 5, 1, 0.00),
	(418, 'Juice - Happy Planet', 27270.71, 10580.93, 1, 1, 0.00),
	(419, 'Puree - Blackcurrant', 26985.22, 19453.35, 3, 0, 19.00),
	(420, 'Jolt Cola', 26143.12, 18835.25, 5, 1, 19.00),
	(421, 'Mints - Striped Red', 26663.73, 15838.22, 3, 0, 19.00),
	(422, 'Sauce - Balsamic Viniagrette', 27243.41, 10334.99, 3, 1, 0.00),
	(423, 'Appetizer - Southwestern', 27107.13, 13717.24, 4, 0, 19.00),
	(424, 'Chicken Breast Halal', 29879.94, 16235.88, 1, 1, 5.00),
	(425, 'Venison - Liver', 25931.74, 12754.79, 5, 1, 5.00),
	(426, 'Ice Cream Bar - Hagen Daz', 27441.11, 17549.86, 2, 1, 0.00),
	(427, 'Wine - Sake', 26289.38, 17647.83, 5, 1, 5.00),
	(428, 'Capon - Whole', 25470.05, 15599.99, 1, 1, 5.00),
	(429, 'Fish - Scallops, Cold Smoked', 27104.23, 15600.70, 5, 0, 19.00),
	(430, 'Iced Tea - Lemon, 340ml', 27227.21, 14649.41, 3, 1, 5.00),
	(431, 'Tomatoes - Heirloom', 28620.41, 12688.55, 1, 0, 0.00),
	(432, 'Coffee - 10oz Cup 92961', 28345.38, 13833.13, 4, 1, 19.00),
	(433, 'Pur Value', 27849.94, 15361.43, 4, 1, 5.00),
	(434, 'Wasabi Powder', 29248.43, 19860.68, 3, 1, 5.00),
	(435, 'Tomatoes - Hot House', 27315.86, 12654.81, 4, 0, 5.00),
	(436, 'Maintenance Removal Charge', 25170.42, 17793.72, 2, 0, 19.00),
	(437, 'Pork - Ham Hocks - Smoked', 26752.72, 13131.84, 2, 0, 19.00),
	(438, 'Chickensplit Half', 28991.35, 12914.50, 2, 0, 0.00),
	(439, 'Spice - Chili Powder Mexican', 28450.53, 18085.98, 1, 1, 0.00),
	(440, 'Wine - White, Riesling, Semi - Dry', 26462.18, 15239.66, 2, 0, 5.00),
	(441, 'Beans - Black Bean, Preserved', 26340.67, 11516.59, 3, 1, 19.00),
	(442, 'Apple - Fuji', 28456.47, 11432.79, 1, 1, 0.00),
	(443, 'Celery Root', 28349.11, 18092.87, 1, 1, 5.00),
	(444, 'Wine - German Riesling', 27652.56, 13162.12, 4, 1, 0.00),
	(445, 'Juice - Pineapple, 341 Ml', 27316.30, 10319.92, 1, 0, 5.00),
	(446, 'Towel Dispenser', 28601.90, 15493.42, 3, 0, 0.00),
	(447, 'Tea - Decaf Lipton', 25606.13, 12361.21, 2, 0, 0.00),
	(448, 'Napkin - Cocktail,beige 2 - Ply', 28636.06, 12970.90, 5, 0, 0.00),
	(449, 'Beef - Tender Tips', 29244.10, 16163.60, 5, 1, 0.00),
	(450, 'Wine - Masi Valpolocell', 29724.06, 15112.80, 4, 0, 0.00),
	(451, 'Bread Bowl Plain', 27456.94, 17243.65, 2, 1, 5.00),
	(452, 'Seedlings - Buckwheat, Organic', 27356.65, 10262.50, 2, 0, 5.00),
	(453, 'Beans - Turtle, Black, Dry', 29221.48, 15143.27, 3, 1, 0.00),
	(454, 'Juice - Tomato, 48 Oz', 28089.23, 16119.45, 1, 0, 19.00),
	(455, 'Trueblue - Blueberry', 27723.03, 14286.02, 5, 1, 5.00),
	(456, 'Wine - Champagne Brut Veuve', 25031.09, 11791.54, 1, 1, 5.00),
	(457, 'Beef - Tenderloin', 28824.88, 15948.88, 1, 1, 0.00),
	(458, 'Goldschalger', 28669.46, 16206.27, 2, 0, 0.00),
	(459, 'Wine - Merlot Vina Carmen', 29066.28, 12483.55, 2, 0, 0.00),
	(460, 'Pail - 15l White, With Handle', 27895.49, 14133.33, 3, 0, 19.00),
	(461, 'Juice - Tomato, 48 Oz', 28766.26, 12932.53, 2, 0, 0.00),
	(462, 'Mortadella', 27520.23, 11701.55, 4, 0, 19.00),
	(463, 'Currants', 28067.87, 19131.96, 3, 0, 5.00),
	(464, 'Bread - Wheat Baguette', 25673.59, 16077.69, 1, 1, 19.00),
	(465, 'Bread Base - Goodhearth', 28908.76, 17096.32, 3, 1, 5.00),
	(466, 'Tarragon - Primerba, Paste', 27210.49, 18863.63, 4, 1, 19.00),
	(467, 'Longos - Assorted Sandwich', 25176.75, 11375.43, 1, 0, 0.00),
	(468, 'Apple - Macintosh', 25960.71, 11902.73, 2, 1, 5.00),
	(469, 'Wine - Chateau Timberlay', 26538.72, 15407.26, 4, 1, 5.00),
	(470, 'Pork - Bacon,back Peameal', 27313.87, 14794.65, 4, 1, 19.00),
	(471, 'Dried Apple', 29989.58, 18917.15, 3, 1, 0.00),
	(472, 'Potatoes - Instant, Mashed', 29026.37, 12969.51, 3, 0, 19.00),
	(473, 'Milk - Homo', 27403.08, 17087.73, 2, 1, 0.00),
	(474, 'Turkey - Oven Roast Breast', 26895.93, 11579.58, 3, 0, 5.00),
	(475, 'Wild Boar - Tenderloin', 29045.82, 16052.78, 3, 0, 5.00),
	(476, 'Huck Towels White', 27473.63, 13919.32, 1, 1, 5.00),
	(477, 'Goat - Leg', 29733.95, 15780.47, 3, 1, 19.00),
	(478, 'Bagel - Ched Chs Presliced', 27159.75, 12768.10, 3, 0, 19.00),
	(479, 'Sesame Seed', 25142.27, 19355.79, 3, 0, 19.00),
	(480, 'Wine - Jafflin Bourgongone', 25334.52, 15610.78, 1, 0, 0.00),
	(481, 'Wine - Ruffino Chianti', 25273.25, 10797.50, 1, 1, 5.00),
	(482, 'Cauliflower', 27811.81, 15351.53, 3, 1, 5.00),
	(483, 'Soup - Canadian Pea, Dry Mix', 27531.28, 19014.69, 3, 0, 5.00),
	(484, 'Wine - Muscadet Sur Lie', 29447.55, 14866.70, 4, 0, 0.00),
	(485, 'Mix Pina Colada', 26861.01, 18229.04, 4, 0, 19.00),
	(486, 'Squash - Acorn', 25465.73, 19352.93, 3, 1, 0.00),
	(487, 'Pork - Ham Hocks - Smoked', 28192.04, 10402.43, 3, 1, 19.00),
	(488, 'Cocoa Butter', 25990.95, 16108.09, 1, 1, 19.00),
	(489, 'Carbonated Water - Lemon Lime', 29471.65, 13214.51, 5, 0, 5.00),
	(490, 'Nantucket Cranberry Juice', 26255.52, 10710.29, 2, 0, 5.00),
	(491, 'Pastry - Apple Large', 28858.43, 18273.16, 2, 1, 5.00),
	(492, 'Beef - Rib Roast, Cap On', 28676.09, 11561.19, 2, 1, 0.00),
	(493, 'Paste - Black Olive', 28095.57, 14972.68, 3, 1, 0.00),
	(494, 'Beer - Guiness', 26928.60, 19586.06, 3, 0, 5.00),
	(495, 'Pie Shell - 5', 26467.67, 10561.62, 3, 0, 0.00),
	(496, 'Jam - Marmalade, Orange', 28935.01, 10123.42, 5, 0, 5.00),
	(497, 'Ice Cream Bar - Drumstick', 26553.31, 11595.36, 2, 0, 0.00),
	(498, 'Chick Peas - Canned', 25835.80, 15390.42, 1, 0, 5.00),
	(499, 'Pumpkin - Seed', 25941.38, 19917.52, 5, 1, 0.00),
	(500, 'Muffin Mix - Chocolate Chip', 27248.68, 17215.63, 3, 1, 5.00),
	(501, 'Bread Fig And Almond', 28007.71, 11029.33, 3, 0, 0.00),
	(502, 'Pear - Prickly', 28790.79, 12388.12, 2, 1, 0.00),
	(503, 'Duck - Fat', 27998.38, 12812.82, 4, 0, 0.00),
	(504, 'Wine - Rubyport', 28582.22, 10051.70, 2, 1, 19.00),
	(505, 'Salt - Sea', 25545.99, 14376.53, 4, 1, 0.00),
	(506, 'Cauliflower', 29920.91, 10815.18, 1, 1, 5.00),
	(507, 'Garbage Bags - Black', 27104.01, 10482.76, 2, 0, 19.00),
	(508, 'Pea - Snow', 28602.32, 15202.18, 2, 1, 0.00),
	(509, 'Cheese - Blue', 25538.99, 10180.01, 2, 1, 5.00),
	(510, 'Towels - Paper / Kraft', 29378.33, 16163.51, 4, 1, 0.00),
	(511, 'Wine - Lou Black Shiraz', 29626.24, 10785.48, 1, 1, 5.00),
	(512, 'Pear - Prickly', 29330.34, 12583.52, 4, 1, 0.00),
	(513, 'Pail With Metal Handle 16l White', 27489.33, 19586.42, 1, 1, 19.00),
	(514, 'Pickle - Dill', 27644.63, 18819.32, 1, 0, 0.00),
	(515, 'Cheese - Goat With Herbs', 26343.03, 19700.59, 3, 1, 19.00),
	(516, 'Beans - Wax', 27649.61, 11251.99, 2, 0, 5.00),
	(517, 'Turkey - Breast, Boneless Sk On', 26524.66, 16616.87, 3, 0, 0.00),
	(518, 'Pork - Smoked Back Bacon', 29469.84, 17942.01, 5, 0, 0.00),
	(519, 'Hand Towel', 29577.65, 17910.82, 3, 0, 19.00),
	(520, 'Wine - Cahors Ac 2000, Clos', 26517.05, 10273.23, 2, 0, 5.00),
	(521, 'Bowl 12 Oz - Showcase 92012', 25133.64, 10942.91, 3, 0, 19.00),
	(522, 'Blue Curacao - Marie Brizard', 27222.28, 19531.63, 2, 0, 5.00),
	(523, 'Pickles - Gherkins', 27207.67, 12533.89, 5, 1, 0.00),
	(524, 'Wine - Cotes Du Rhone Parallele', 28371.66, 14960.97, 3, 0, 0.00),
	(525, 'Cheese - St. Paulin', 28884.10, 13229.57, 1, 0, 5.00),
	(526, 'Yogurt - French Vanilla', 25073.63, 16671.51, 5, 1, 5.00),
	(527, 'Toamtoes 6x7 Select', 29739.77, 13942.94, 5, 1, 5.00),
	(528, 'Jam - Raspberry,jar', 25737.50, 15217.76, 4, 1, 19.00),
	(529, 'Doilies - 8, Paper', 27466.42, 11428.75, 3, 1, 5.00),
	(530, 'Spice - Pepper Portions', 27749.48, 10382.68, 1, 0, 5.00),
	(531, 'Wine - Sauvignon Blanc Oyster', 29015.54, 13263.72, 3, 1, 0.00),
	(532, 'Syrup - Monin - Granny Smith', 26414.61, 16028.60, 4, 1, 0.00),
	(533, 'Onions - Cippolini', 29220.70, 19888.61, 5, 0, 0.00),
	(534, 'Shichimi Togarashi Peppeers', 25914.08, 13934.13, 3, 1, 19.00),
	(535, 'Miso - Soy Bean Paste', 27941.42, 18739.49, 3, 1, 0.00),
	(536, 'Wine - White, Cooking', 27634.20, 12666.17, 5, 0, 19.00),
	(537, 'Beans - Turtle, Black, Dry', 29302.89, 11099.84, 4, 1, 5.00),
	(538, 'Salt - Sea', 25683.00, 17500.18, 2, 0, 0.00),
	(539, 'Flower - Commercial Bronze', 25669.65, 13280.16, 2, 1, 0.00),
	(540, 'Fondant - Icing', 29783.14, 16614.47, 1, 0, 19.00),
	(541, 'Tea - Herbal - 6 Asst', 28155.16, 16727.39, 3, 0, 19.00),
	(542, 'Cookies - Englishbay Oatmeal', 28787.95, 10456.07, 5, 0, 5.00),
	(543, 'Wine - Fume Blanc Fetzer', 27172.71, 11094.38, 4, 0, 0.00),
	(544, 'Butter - Pod', 26572.88, 12433.95, 2, 1, 5.00),
	(545, 'Bread Base - Gold Formel', 28013.46, 17654.25, 3, 1, 5.00),
	(546, 'Glaze - Apricot', 26944.35, 19956.93, 3, 0, 5.00),
	(547, 'Icecream Bar - Del Monte', 28490.76, 13801.60, 1, 0, 5.00),
	(548, 'Beans - Fine', 29952.77, 14208.11, 2, 0, 19.00),
	(549, 'Bar Special K', 28673.86, 10761.82, 2, 1, 0.00),
	(550, 'Tumeric', 28723.46, 18569.82, 5, 0, 0.00),
	(551, 'Yams', 28909.07, 19613.88, 5, 0, 0.00),
	(552, 'Soup - Canadian Pea, Dry Mix', 29627.96, 10789.06, 5, 1, 19.00),
	(553, 'Lotus Rootlets - Canned', 28028.32, 13868.91, 3, 0, 5.00),
	(554, 'Peas Snow', 27565.09, 13771.00, 4, 1, 0.00),
	(555, 'Flour - Strong Pizza', 26695.99, 15976.05, 5, 1, 5.00),
	(556, 'Syrup - Monin, Swiss Choclate', 27316.02, 15520.28, 4, 0, 0.00),
	(557, 'Beets - Pickled', 25070.42, 16400.30, 3, 0, 0.00),
	(558, 'Cumin - Ground', 25772.71, 16008.93, 4, 1, 0.00),
	(559, 'Pasta - Elbows, Macaroni, Dry', 29450.37, 18050.68, 1, 0, 5.00),
	(560, 'Container - Clear 16 Oz', 29536.87, 10454.24, 5, 0, 5.00),
	(561, 'Cookies - Englishbay Wht', 29649.60, 17221.66, 2, 1, 19.00),
	(562, 'Soup - Cream Of Potato / Leek', 29565.12, 19521.99, 3, 1, 0.00),
	(563, 'Cookies Almond Hazelnut', 29656.58, 10416.94, 5, 0, 19.00),
	(564, 'Chocolate - Pistoles, Lactee, Milk', 26279.47, 10679.64, 2, 0, 19.00),
	(565, 'Cheese - Brie Roitelet', 26184.65, 11382.30, 3, 0, 19.00),
	(566, 'Tea - Apple Green Tea', 26159.45, 16941.36, 1, 1, 19.00),
	(567, 'Table Cloth 54x54 Colour', 25807.45, 19314.58, 4, 1, 0.00),
	(568, 'Beer - Maudite', 27802.71, 19720.54, 1, 0, 0.00),
	(569, 'Pepper - Pablano', 25980.92, 15498.31, 1, 0, 19.00),
	(570, 'Kellogs Cereal In A Cup', 25688.53, 17529.61, 2, 0, 0.00),
	(571, 'Lamb - Leg, Bone In', 27544.39, 19546.53, 3, 0, 19.00),
	(572, 'Bagel - Everything Presliced', 28804.79, 19468.03, 4, 0, 0.00),
	(573, 'Steel Wool', 27781.58, 16602.01, 5, 1, 0.00),
	(574, 'Veal - Insides Provini', 28043.82, 14495.22, 1, 0, 19.00),
	(575, 'Onion - Dried', 27552.77, 14753.23, 2, 0, 19.00),
	(576, 'Blueberries', 27960.29, 12635.00, 4, 1, 0.00),
	(577, 'Wine - Merlot Vina Carmen', 29071.35, 13719.16, 3, 0, 19.00),
	(578, 'Pepper - Red, Finger Hot', 26890.00, 15286.63, 3, 0, 0.00),
	(579, 'Juice - Orange 1.89l', 29789.82, 19576.62, 2, 0, 0.00),
	(580, 'Burger Veggie', 25561.19, 17352.54, 2, 0, 19.00),
	(581, 'Brownies - Two Bite, Chocolate', 25556.76, 14530.41, 4, 1, 0.00),
	(582, 'Wine - Red, Concha Y Toro', 27482.74, 17376.71, 2, 1, 19.00),
	(583, 'Nacho Chips', 27351.60, 10742.29, 1, 0, 5.00),
	(584, 'Cheese - Brie, Triple Creme', 26683.32, 19394.52, 3, 1, 5.00),
	(585, 'Lettuce - Romaine, Heart', 27108.31, 13882.48, 3, 0, 0.00),
	(586, 'The Pop Shoppe - Root Beer', 28769.08, 14142.15, 1, 0, 0.00),
	(587, 'Yeast Dry - Fermipan', 29852.44, 12494.67, 5, 1, 0.00),
	(588, 'French Pastries', 29575.34, 13468.37, 4, 1, 0.00),
	(589, 'Yokaline', 27470.51, 10578.83, 3, 0, 5.00),
	(590, 'Irish Cream - Baileys', 27405.19, 11638.01, 5, 1, 0.00),
	(591, 'Trueblue - Blueberry', 25559.28, 14082.48, 1, 0, 19.00),
	(592, 'Octopus - Baby, Cleaned', 26191.11, 18935.42, 5, 0, 19.00),
	(593, 'Cheese - Comte', 28167.82, 14958.01, 2, 1, 0.00),
	(594, 'Brownies - Two Bite, Chocolate', 25613.41, 19668.73, 2, 1, 5.00),
	(595, 'Cookies Almond Hazelnut', 27793.25, 13996.67, 1, 1, 0.00),
	(596, 'Pork - Bacon Cooked Slcd', 26382.98, 18252.24, 4, 1, 5.00),
	(597, 'Wine - Chateau Bonnet', 29539.98, 11862.02, 1, 0, 19.00),
	(598, 'Juice - Pineapple, 48 Oz', 28846.38, 15496.53, 1, 0, 19.00),
	(599, 'Quiche Assorted', 28419.86, 16107.35, 1, 1, 0.00),
	(600, 'Flower - Carnations', 26478.10, 12664.64, 2, 1, 0.00),
	(601, 'Nantucket - Orange Mango Cktl', 26083.06, 16209.86, 1, 1, 19.00),
	(602, 'Vodka - Smirnoff', 28001.19, 13001.71, 5, 0, 5.00),
	(603, 'Radish', 29491.94, 16468.67, 5, 1, 0.00),
	(604, 'Water - San Pellegrino', 28008.04, 11897.86, 1, 1, 0.00),
	(605, 'Cranberries - Fresh', 25254.79, 16117.24, 1, 0, 19.00),
	(606, 'Doilies - 5, Paper', 29545.53, 13707.22, 1, 0, 19.00),
	(607, 'Jameson - Irish Whiskey', 26226.28, 15928.49, 5, 1, 5.00),
	(608, 'Cloves - Ground', 28046.61, 10606.47, 2, 0, 0.00),
	(609, 'Chicken - Base, Ultimate', 28445.31, 14936.82, 5, 1, 0.00),
	(610, 'Pastry - Cheese Baked Scones', 25724.32, 19664.67, 3, 1, 0.00),
	(611, 'Wine - Balbach Riverside', 25480.08, 19715.63, 2, 0, 5.00),
	(612, 'Chilli Paste, Ginger Garlic', 26113.82, 12436.44, 4, 0, 5.00),
	(613, 'Brandy - Orange, Mc Guiness', 25525.04, 12588.63, 4, 1, 5.00),
	(614, 'Cookie Double Choco', 27551.38, 11159.49, 2, 0, 0.00),
	(615, 'Gatorade - Orange', 27242.08, 15210.82, 1, 1, 0.00),
	(616, 'Noodles - Cellophane, Thin', 28112.54, 10948.65, 3, 1, 5.00),
	(617, 'Wine - Alicanca Vinho Verde', 27892.72, 16058.16, 2, 1, 0.00),
	(618, 'Cranberries - Frozen', 29327.19, 11890.63, 2, 1, 19.00),
	(619, 'Cookies - Oreo, 4 Pack', 28459.99, 10890.50, 1, 0, 0.00),
	(620, 'Macaroons - Two Bite Choc', 27664.59, 13622.93, 5, 0, 5.00),
	(621, 'Wine - Gato Negro Cabernet', 28288.79, 11765.36, 1, 1, 5.00),
	(622, 'Ecolab - Power Fusion', 29054.67, 19395.01, 1, 0, 19.00),
	(623, 'Oven Mitt - 13 Inch', 28097.41, 11816.27, 4, 0, 19.00),
	(624, 'Pork - Bacon, Sliced', 25497.34, 14242.47, 1, 1, 0.00),
	(625, 'Vaccum Bag - 14x20', 27305.17, 18031.57, 3, 1, 5.00),
	(626, 'Versatainer Nc - 888', 27440.88, 19909.36, 4, 1, 0.00),
	(627, 'Muffin - Mix - Bran And Maple 15l', 27748.60, 18621.92, 1, 1, 0.00),
	(628, 'Island Oasis - Ice Cream Mix', 29542.39, 12187.35, 5, 0, 5.00),
	(629, 'Bread Ww Cluster', 29307.57, 13708.74, 2, 0, 19.00),
	(630, 'Quail Eggs - Canned', 28218.69, 14379.78, 2, 0, 19.00),
	(631, 'Beer - Steamwhistle', 28358.34, 10563.63, 4, 0, 5.00),
	(632, 'Chef Hat 20cm', 29946.08, 18577.32, 5, 1, 19.00),
	(633, 'Beef - Montreal Smoked Brisket', 25639.04, 16397.69, 2, 1, 5.00),
	(634, 'Cilantro / Coriander - Fresh', 25690.03, 19118.70, 1, 1, 19.00),
	(635, 'Bamboo Shoots - Sliced', 26066.31, 19249.53, 1, 1, 19.00),
	(636, 'Broccoli - Fresh', 26066.56, 19996.37, 1, 0, 0.00),
	(637, 'Broccoli - Fresh', 25076.20, 15510.21, 2, 0, 19.00),
	(638, 'Peas - Pigeon, Dry', 26910.75, 19391.44, 3, 1, 19.00),
	(639, 'Chicken Giblets', 25207.09, 16805.07, 2, 1, 5.00),
	(640, 'Lamb - Shoulder', 26908.23, 11431.93, 4, 0, 19.00),
	(641, 'Chambord Royal', 28400.69, 18266.53, 5, 0, 0.00),
	(642, 'Five Alive Citrus', 25081.51, 19735.55, 2, 1, 5.00),
	(643, 'Bag - Regular Kraft 20 Lb', 28946.98, 15931.30, 3, 1, 0.00),
	(644, 'Yogurt - Blueberry, 175 Gr', 25732.14, 17524.07, 5, 1, 5.00),
	(645, 'Fennel - Seeds', 26819.51, 19763.68, 2, 1, 19.00),
	(646, 'Capers - Ox Eye Daisy', 29368.74, 13718.54, 1, 0, 5.00),
	(647, 'Piping Jelly - All Colours', 25978.44, 11825.21, 1, 0, 5.00),
	(648, 'Nantucket - Orange Mango Cktl', 28685.13, 18234.83, 3, 0, 0.00),
	(649, 'Anchovy In Oil', 28941.91, 15580.14, 1, 1, 19.00),
	(650, 'Cheese - Woolwich Goat, Log', 27544.81, 11470.50, 2, 1, 19.00),
	(651, 'Rosemary - Dry', 28981.02, 16068.51, 4, 1, 0.00),
	(652, 'Pesto - Primerba, Paste', 25208.78, 19375.19, 5, 1, 0.00),
	(653, 'Trueblue - Blueberry Cranberry', 25137.60, 11636.37, 2, 1, 0.00),
	(654, 'Marjoram - Dried, Rubbed', 27779.60, 12702.02, 3, 0, 0.00),
	(655, 'Wine - White, Pinot Grigio', 25541.57, 12183.36, 5, 1, 5.00),
	(656, 'Spice - Onion Powder Granulated', 27494.49, 13254.92, 1, 1, 5.00),
	(657, 'Sausage - Meat', 28078.97, 10886.07, 5, 0, 19.00),
	(658, 'Soda Water - Club Soda, 355 Ml', 26941.07, 12229.43, 5, 1, 0.00),
	(659, 'Wine - Jafflin Bourgongone', 29422.28, 18756.85, 1, 1, 0.00),
	(660, 'Wheat - Soft Kernal Of Wheat', 25384.11, 14438.35, 3, 1, 19.00),
	(661, 'Danishes - Mini Raspberry', 29007.37, 13501.84, 5, 1, 5.00),
	(662, 'Durian Fruit', 27527.31, 17556.87, 1, 1, 19.00),
	(663, 'Beef - Shank', 29349.99, 13872.60, 2, 0, 5.00),
	(664, 'Pears - Anjou', 26457.49, 10370.54, 3, 0, 19.00),
	(665, 'Cookie - Oreo 100x2', 26691.63, 13512.44, 4, 1, 0.00),
	(666, 'Prunes - Pitted', 28445.46, 16892.24, 2, 0, 5.00),
	(667, 'Bread Base - Italian', 26130.82, 11890.05, 2, 1, 19.00),
	(668, 'Chicken - Leg / Back Attach', 29617.91, 12094.84, 3, 0, 5.00),
	(669, 'Fond - Chocolate', 25892.92, 19789.59, 4, 1, 19.00),
	(670, 'Tomato - Peeled Italian Canned', 29406.47, 13890.61, 4, 1, 19.00),
	(671, 'Beer - Moosehead', 29354.92, 18934.80, 3, 1, 19.00),
	(672, 'Clam - Cherrystone', 25634.46, 15177.89, 1, 0, 19.00),
	(673, 'Compound - Pear', 28638.44, 17261.94, 5, 1, 19.00),
	(674, 'Crackers - Soda / Saltins', 26536.11, 19955.90, 5, 0, 0.00),
	(675, 'Napkin - Beverge, White 2 - Ply', 26902.65, 18624.04, 3, 1, 5.00),
	(676, 'Nantucket - Pomegranate Pear', 29949.70, 13779.97, 2, 0, 0.00),
	(677, 'Puree - Passion Fruit', 25321.57, 16390.12, 2, 1, 5.00),
	(678, 'Lettuce - Frisee', 26568.42, 15055.04, 2, 0, 5.00),
	(679, 'Bacardi Mojito', 28886.61, 19573.70, 1, 0, 5.00),
	(680, 'Grapes - Green', 28068.37, 15104.07, 3, 1, 0.00),
	(681, 'Sprouts Dikon', 27704.04, 16782.08, 1, 0, 19.00),
	(682, 'Tobasco Sauce', 25500.93, 19712.19, 3, 0, 5.00),
	(683, 'Brocolinni - Gaylan, Chinese', 28127.34, 10621.05, 1, 0, 19.00),
	(684, 'Cherries - Bing, Canned', 25978.26, 13418.67, 5, 0, 19.00),
	(685, 'Pork Loin Cutlets', 26001.60, 19553.32, 3, 0, 19.00),
	(686, 'Water Chestnut - Canned', 27282.69, 12032.21, 1, 0, 0.00),
	(687, 'Wine - Chablis J Moreau Et Fils', 29922.78, 12785.12, 5, 0, 0.00),
	(688, 'Towel - Roll White', 27885.75, 10511.23, 3, 0, 19.00),
	(689, 'Creme De Menthe Green', 29828.56, 16979.83, 1, 0, 19.00),
	(690, 'Squash - Pattypan, Yellow', 28803.40, 16298.51, 2, 0, 5.00),
	(691, 'Water - Tonic', 27778.97, 14299.66, 4, 1, 0.00),
	(692, 'Hinge W Undercut', 27596.45, 17512.74, 4, 0, 5.00),
	(693, 'Cake - Cheese Cake 9 Inch', 29867.21, 12997.50, 2, 1, 5.00),
	(694, 'Tomato - Peeled Italian Canned', 25751.18, 12586.05, 5, 0, 19.00),
	(695, 'Gloves - Goldtouch Disposable', 28579.44, 10611.65, 1, 0, 19.00),
	(696, 'Scallops - In Shell', 28153.21, 16127.44, 1, 0, 0.00),
	(697, 'Wine - White, Antinore Orvieto', 25765.50, 13448.40, 3, 1, 19.00),
	(698, 'Beer - Creemore', 26016.65, 12347.33, 3, 0, 0.00),
	(699, 'Nut - Pecan, Halves', 25824.12, 18538.54, 1, 1, 0.00),
	(700, 'Cookies - Fortune', 27191.57, 16716.65, 4, 1, 19.00),
	(701, 'Doilies - 12, Paper', 25625.79, 18221.89, 2, 0, 19.00),
	(702, 'Tea - Mint', 25788.26, 13977.91, 2, 1, 0.00),
	(703, 'Melon - Honey Dew', 28687.52, 10289.00, 1, 1, 0.00),
	(704, 'Sauerkraut', 26995.06, 14858.72, 2, 0, 5.00),
	(705, 'Beef - Rib Eye Aaa', 29912.45, 16954.20, 5, 1, 5.00),
	(706, 'Sour Puss Raspberry', 25631.55, 16855.30, 5, 1, 19.00),
	(707, 'Dome Lid Clear P92008h', 25681.18, 15163.52, 1, 0, 19.00),
	(708, 'Lamb - Sausage Casings', 27637.37, 10576.06, 5, 1, 5.00),
	(709, 'Pineapple - Canned, Rings', 25392.14, 16238.94, 4, 0, 19.00),
	(710, 'Wine - Montecillo Rioja Crianza', 28668.73, 17795.00, 2, 0, 5.00),
	(711, 'Turkey Tenderloin Frozen', 27968.89, 19284.61, 1, 1, 19.00),
	(712, 'Wine - Soave Folonari', 26406.64, 16365.38, 1, 0, 5.00),
	(713, 'Bread - Rolls, Rye', 27248.80, 14538.06, 1, 1, 0.00),
	(714, 'Tomatoes - Vine Ripe, Red', 28855.32, 19984.16, 1, 0, 19.00),
	(715, 'Steam Pan - Half Size Deep', 25181.96, 11705.70, 4, 0, 5.00),
	(716, 'Wine - Periguita Fonseca', 26313.30, 19414.81, 5, 1, 0.00),
	(717, 'Crab - Dungeness, Whole', 29621.07, 11687.15, 3, 1, 5.00),
	(718, 'Appetizer - Asian Shrimp Roll', 25071.02, 18012.30, 3, 1, 19.00),
	(719, 'Sugar - Splenda Sweetener', 28890.91, 18766.39, 2, 1, 0.00),
	(720, 'Wine - Casillero Del Diablo', 29077.05, 18680.61, 4, 1, 19.00),
	(721, 'Ham - Cooked', 27674.92, 17609.62, 3, 1, 5.00),
	(722, 'Pail With Metal Handle 16l White', 25862.60, 19330.69, 3, 1, 5.00),
	(723, 'Dasheen', 26557.58, 15456.12, 2, 1, 19.00),
	(724, 'Orange - Canned, Mandarin', 27579.87, 10155.78, 3, 0, 19.00),
	(725, 'Chef Hat 25cm', 29992.35, 19282.24, 5, 1, 0.00),
	(726, 'Oil - Pumpkinseed', 29723.82, 18051.15, 5, 1, 5.00),
	(727, 'Rosemary - Primerba, Paste', 29576.22, 11146.66, 5, 0, 19.00),
	(728, 'Carbonated Water - Cherry', 28855.82, 10225.87, 1, 1, 5.00),
	(729, 'Kellogs Special K Cereal', 25694.52, 16875.19, 4, 0, 0.00),
	(730, 'Juice - Lagoon Mango', 28049.18, 14580.71, 5, 1, 19.00),
	(731, 'Ham - Cooked Italian', 25792.99, 16888.62, 4, 1, 19.00),
	(732, 'Chicken - Leg, Boneless', 29835.60, 16092.57, 5, 1, 0.00),
	(733, 'Fish - Base, Bouillion', 25802.01, 18737.46, 1, 1, 0.00),
	(734, 'Creme De Menth - White', 28824.06, 19969.38, 2, 0, 19.00),
	(735, 'Arctic Char - Fresh, Whole', 29551.80, 17056.38, 1, 1, 5.00),
	(736, 'Sobe - Green Tea', 26848.47, 13017.84, 2, 0, 0.00),
	(737, 'Wine - Domaine Boyar Royal', 27189.99, 14063.85, 1, 0, 0.00),
	(738, 'Beef - Top Butt Aaa', 28571.59, 15883.70, 2, 1, 5.00),
	(739, 'Mint - Fresh', 27223.40, 17551.04, 5, 1, 0.00),
	(740, 'Wine - Manischewitz Concord', 26828.26, 19269.76, 1, 1, 0.00),
	(741, 'Wine - Cabernet Sauvignon', 25629.09, 12547.58, 3, 0, 5.00),
	(742, 'Soup - Campbells Pasta Fagioli', 27408.14, 16132.41, 4, 0, 0.00),
	(743, 'Beans - Fine', 27759.63, 13483.26, 5, 1, 19.00),
	(744, 'Cake - Lemon Chiffon', 25520.23, 17973.03, 3, 1, 5.00),
	(745, 'Table Cloth 54x54 White', 25464.03, 15189.11, 5, 1, 5.00),
	(746, 'Mix - Cocktail Ice Cream', 25522.47, 13118.88, 5, 0, 0.00),
	(747, 'Capon - Breast, Wing On', 27263.87, 13365.86, 3, 1, 5.00),
	(748, 'Chocolate - White', 29259.15, 13718.79, 4, 0, 0.00),
	(749, 'Pickles - Gherkins', 29910.29, 10676.99, 4, 1, 5.00),
	(750, 'Yams', 26251.68, 17102.53, 2, 1, 0.00),
	(751, 'Sour Puss Raspberry', 28550.55, 14988.83, 1, 1, 0.00),
	(752, 'Cheese - Le Cru Du Clocher', 27929.18, 13265.31, 2, 1, 0.00),
	(753, 'Cardamon Ground', 29773.68, 18220.85, 4, 1, 5.00),
	(754, 'Milk - 1%', 29883.61, 10138.94, 1, 1, 5.00),
	(755, 'Dill Weed - Dry', 27211.15, 19187.27, 1, 0, 19.00),
	(756, 'Beans - Fava Fresh', 28828.39, 10821.29, 4, 0, 5.00),
	(757, 'Veal Inside - Provimi', 28929.66, 17714.79, 1, 1, 5.00),
	(758, 'Chicken - Leg, Boneless', 25138.93, 12322.19, 3, 1, 19.00),
	(759, 'Wine - Bourgogne 2002, La', 26115.55, 19213.03, 4, 1, 19.00),
	(760, 'Asparagus - Green, Fresh', 28362.77, 15769.50, 1, 0, 19.00),
	(761, 'Beef - Ground Medium', 28154.11, 10416.74, 2, 0, 5.00),
	(762, 'Lotus Rootlets - Canned', 28962.18, 14873.71, 3, 1, 19.00),
	(763, 'Cake - Night And Day Choclate', 28853.33, 10191.34, 2, 1, 5.00),
	(764, 'Basil - Primerba, Paste', 27620.57, 15581.54, 2, 1, 0.00),
	(765, 'Placemat - Scallop, White', 29535.26, 17587.74, 5, 0, 19.00),
	(766, 'Longos - Cheese Tortellini', 25931.62, 17574.58, 5, 0, 5.00),
	(767, 'Sprouts - Baby Pea Tendrils', 27263.13, 14609.69, 3, 0, 5.00),
	(768, 'Propel Sport Drink', 27247.45, 10014.29, 2, 0, 19.00),
	(769, 'Goldschalger', 26105.58, 14516.98, 4, 1, 5.00),
	(770, 'Fish - Bones', 25837.81, 15804.07, 3, 1, 0.00),
	(771, 'Pork - Back, Short Cut, Boneless', 29548.51, 13297.15, 2, 0, 0.00),
	(772, 'Gelatine Leaves - Bulk', 26450.82, 10928.26, 5, 0, 5.00),
	(773, 'Jagermeister', 26640.73, 13381.89, 1, 1, 5.00),
	(774, 'Soy Protein', 29916.94, 19967.80, 3, 0, 19.00),
	(775, 'Petite Baguette', 25486.70, 16276.95, 5, 0, 19.00),
	(776, 'Goat - Whole Cut', 28532.18, 12379.70, 1, 1, 19.00),
	(777, 'Cheese - Boursin, Garlic / Herbs', 27979.62, 13494.47, 1, 0, 19.00),
	(778, 'Apple - Macintosh', 28929.16, 14834.45, 2, 1, 0.00),
	(779, 'Milk - 1%', 26852.56, 10866.71, 4, 0, 19.00),
	(780, 'Coffee - Ristretto Coffee Capsule', 25616.12, 17261.60, 1, 0, 19.00),
	(781, 'Crab - Meat Combo', 28532.21, 19439.40, 1, 0, 19.00),
	(782, 'Wine - Sogrape Mateus Rose', 29828.28, 17984.58, 1, 1, 0.00),
	(783, 'Rootbeer', 27471.11, 11910.24, 4, 1, 5.00),
	(784, 'Trout - Rainbow, Frozen', 29383.05, 13773.63, 4, 0, 19.00),
	(785, 'Lamb - Racks, Frenched', 29996.21, 17145.33, 2, 1, 0.00),
	(786, 'Yogurt - Strawberry, 175 Gr', 26367.58, 15975.25, 5, 0, 5.00),
	(787, 'Noodles - Steamed Chow Mein', 29860.76, 15190.91, 5, 1, 0.00),
	(788, 'Wine - Conde De Valdemar', 29459.35, 14257.79, 4, 0, 5.00),
	(789, 'Dill Weed - Dry', 29152.35, 15206.54, 2, 1, 0.00),
	(790, 'Wine - Red, Pinot Noir, Chateau', 27929.79, 16823.26, 5, 1, 5.00),
	(791, 'Trout - Hot Smkd, Dbl Fillet', 26026.38, 18978.88, 1, 0, 5.00),
	(792, 'Bread - Pumpernickle, Rounds', 28939.62, 10506.82, 3, 0, 19.00),
	(793, 'Melon - Honey Dew', 25182.03, 11248.19, 3, 0, 0.00),
	(794, 'Tart Shells - Sweet, 4', 29588.94, 19199.60, 5, 1, 19.00),
	(795, 'Soup - Cream Of Broccoli', 25833.78, 17923.06, 2, 1, 5.00),
	(796, 'Truffle Cups - White Paper', 28614.36, 19021.73, 1, 1, 19.00),
	(797, 'Pork - Loin, Boneless', 27126.86, 17847.51, 3, 1, 19.00),
	(798, 'Iced Tea Concentrate', 25464.19, 12504.05, 1, 1, 19.00),
	(799, 'Bar - Granola Trail Mix Fruit Nut', 26879.56, 12616.62, 4, 0, 5.00),
	(800, 'Egg Patty Fried', 29138.27, 11042.63, 1, 1, 19.00),
	(801, 'Bread - Rolls, Rye', 29359.15, 16413.66, 2, 0, 19.00),
	(802, 'Bread - Burger', 28009.53, 19466.13, 3, 0, 19.00),
	(803, 'Napkin Colour', 28012.66, 16608.16, 4, 1, 19.00),
	(804, 'Aspic - Light', 28952.86, 13816.88, 5, 0, 19.00),
	(805, 'Clams - Bay', 27250.52, 17981.48, 3, 0, 0.00),
	(806, 'Plasticknivesblack', 25492.04, 18096.42, 3, 1, 0.00),
	(807, 'Melon - Watermelon, Seedless', 26502.44, 19065.97, 1, 0, 5.00),
	(808, 'Doilies - 5, Paper', 29574.96, 13911.77, 3, 0, 0.00),
	(809, 'Veal - Inside Round / Top, Lean', 27291.41, 11633.53, 4, 1, 0.00),
	(810, 'Split Peas - Yellow, Dry', 25384.17, 13900.05, 1, 1, 0.00),
	(811, 'Wine - Maipo Valle Cabernet', 26958.27, 15565.64, 5, 0, 5.00),
	(812, 'Beef - Top Sirloin', 27867.07, 18278.86, 1, 1, 19.00),
	(813, 'Broom And Brush Rack Black', 25974.79, 12648.02, 1, 0, 5.00),
	(814, 'Lamb - Racks, Frenched', 29779.27, 13110.76, 4, 0, 5.00),
	(815, 'Nut - Pistachio, Shelled', 28476.93, 17728.21, 3, 1, 5.00),
	(816, 'Evaporated Milk - Skim', 27657.12, 15494.93, 1, 1, 5.00),
	(817, 'Champagne - Brights, Dry', 29163.52, 11670.74, 2, 0, 19.00),
	(818, 'Pepper - Sorrano', 28149.33, 12281.88, 4, 1, 5.00),
	(819, 'Creme De Cacao White', 29415.04, 15543.66, 2, 1, 0.00),
	(820, 'Uniform Linen Charge', 28790.31, 16344.51, 4, 1, 0.00),
	(821, 'Wine - Red, Cooking', 26815.04, 12736.04, 3, 0, 19.00),
	(822, 'Beef - Rib Eye Aaa', 29322.74, 10355.79, 2, 1, 0.00),
	(823, 'Russian Prince', 25903.94, 13802.59, 2, 1, 5.00),
	(824, 'Energy Drink Red Bull', 27331.23, 18547.08, 1, 0, 0.00),
	(825, 'Herb Du Provence - Primerba', 26637.94, 10291.66, 4, 0, 19.00),
	(826, 'Tamarillo', 26968.53, 15124.06, 3, 1, 5.00),
	(827, 'Crawfish', 26965.05, 14790.68, 2, 0, 0.00),
	(828, 'Pepper - Chipotle, Canned', 28376.72, 16092.83, 1, 0, 5.00),
	(829, 'Syrup - Monin - Blue Curacao', 25161.97, 15630.51, 3, 0, 0.00),
	(830, 'Beans - Fine', 27670.39, 11285.82, 3, 1, 5.00),
	(831, 'Cheese Cloth No 100', 29430.11, 14436.07, 4, 1, 19.00),
	(832, 'Pheasants - Whole', 29322.20, 16540.58, 4, 1, 0.00),
	(833, 'Truffle - Whole Black Peeled', 27135.60, 11943.34, 2, 0, 19.00),
	(834, 'Lamb - Shanks', 29041.77, 19022.23, 4, 1, 19.00),
	(835, 'Whmis Spray Bottle Graduated', 28734.27, 13900.05, 2, 0, 5.00),
	(836, 'Fish - Base, Bouillion', 29384.43, 13910.03, 2, 1, 19.00),
	(837, 'Tomatoes - Vine Ripe, Red', 29723.17, 13512.62, 1, 1, 5.00),
	(838, 'Lid - 0090 Clear', 27583.49, 10497.02, 1, 1, 0.00),
	(839, 'Muffin - Mix - Creme Brule 15l', 27711.30, 14949.06, 4, 1, 0.00),
	(840, 'Vinegar - Red Wine', 27674.74, 19373.69, 5, 0, 0.00),
	(841, 'Turkey - Breast, Boneless Sk On', 27948.25, 16974.01, 4, 1, 0.00),
	(842, 'Beans - Black Bean, Dry', 26754.26, 12958.57, 5, 0, 5.00),
	(843, 'Sesame Seed', 29770.94, 10299.06, 3, 1, 19.00),
	(844, 'Wine - Casablanca Valley', 25436.83, 14923.75, 5, 1, 19.00),
	(845, 'Muffin Hinge 117n', 28783.20, 12862.46, 3, 0, 19.00),
	(846, 'Muskox - French Rack', 25449.00, 14467.97, 4, 1, 5.00),
	(847, 'Shrimp - 16 - 20 Cooked, Peeled', 27529.01, 15736.97, 2, 0, 5.00),
	(848, 'Kahlua', 28206.17, 12122.14, 2, 1, 5.00),
	(849, 'Pepper - Paprika, Hungarian', 28057.09, 18032.75, 4, 0, 0.00),
	(850, 'Cheese - St. Paulin', 28430.19, 18568.27, 1, 1, 5.00),
	(851, 'Wonton Wrappers', 26450.04, 14701.73, 5, 0, 5.00),
	(852, 'Cheese - Goat', 27796.01, 15712.11, 4, 1, 19.00),
	(853, 'Truffle Cups Green', 27922.27, 10775.50, 3, 0, 0.00),
	(854, 'Bread - 10 Grain Parisian', 27879.40, 11118.37, 3, 0, 0.00),
	(855, 'Wine - Guy Sage Touraine', 28462.00, 15598.56, 1, 1, 19.00),
	(856, 'Milk - Condensed', 26653.63, 19525.34, 5, 1, 19.00),
	(857, 'Bread - Corn Muffaleta Onion', 27762.25, 13517.92, 3, 1, 0.00),
	(858, 'Fruit Mix - Light', 26314.03, 11963.74, 4, 1, 0.00),
	(859, 'Onions - Red', 26512.94, 13885.11, 3, 1, 0.00),
	(860, 'Garbage Bags - Black', 29761.19, 10655.67, 4, 1, 5.00),
	(861, 'Pepper - Red, Finger Hot', 26362.08, 14083.94, 3, 1, 5.00),
	(862, 'Water Chestnut - Canned', 26040.00, 19488.72, 1, 1, 0.00),
	(863, 'Tray - 16in Rnd Blk', 28491.15, 16736.49, 5, 1, 19.00),
	(864, 'Pear - Halves', 27590.59, 12067.09, 2, 1, 19.00),
	(865, 'Napkin White', 27388.70, 15860.63, 2, 1, 19.00),
	(866, 'Thyme - Fresh', 25612.55, 12522.01, 4, 1, 5.00),
	(867, 'Blackberries', 26868.99, 12644.35, 3, 1, 5.00),
	(868, 'Cheese - Comte', 28684.48, 12717.67, 2, 1, 0.00),
	(869, 'Flour - Bread', 28617.96, 13686.09, 3, 1, 0.00),
	(870, 'Cream - 18%', 28231.82, 17035.62, 4, 0, 19.00),
	(871, 'Lid Tray - 12in Dome', 27635.38, 18586.08, 5, 0, 0.00),
	(872, 'Loaf Pan - 2 Lb, Foil', 25596.57, 15302.75, 4, 1, 19.00),
	(873, 'Paper Cocktail Umberlla 80 - 180', 26901.52, 10068.37, 3, 1, 19.00),
	(874, 'Mudslide', 25292.63, 13137.84, 2, 0, 0.00),
	(875, 'Soupfoamcont12oz 112con', 26270.95, 14897.37, 5, 1, 19.00),
	(876, 'Truffle Paste', 29321.01, 10872.61, 2, 0, 0.00),
	(877, 'Wine - Red, Marechal Foch', 28583.08, 10488.72, 3, 0, 5.00),
	(878, 'Artichokes - Knobless, White', 28804.04, 14496.58, 5, 1, 19.00),
	(879, 'Cilantro / Coriander - Fresh', 29289.00, 19088.49, 4, 0, 0.00),
	(880, 'Noodles - Steamed Chow Mein', 27841.02, 14300.41, 5, 0, 5.00),
	(881, 'Sweet Pea Sprouts', 29204.81, 15592.72, 5, 0, 5.00),
	(882, 'Jam - Blackberry, 20 Ml Jar', 25240.33, 14369.73, 1, 1, 19.00),
	(883, 'Flour - Teff', 28261.89, 15057.19, 3, 1, 19.00),
	(884, 'Parsley - Fresh', 26074.63, 14689.14, 3, 0, 5.00),
	(885, 'Pastry - Key Limepoppy Seed Tea', 27407.61, 15518.53, 4, 0, 5.00),
	(886, 'Mushroom - Crimini', 27953.61, 17662.87, 1, 1, 5.00),
	(887, 'Tequila - Sauza Silver', 26721.14, 14555.64, 3, 0, 5.00),
	(888, 'Turkey - Breast, Bone - In', 27751.12, 19904.57, 2, 0, 19.00),
	(889, 'Zucchini - Mini, Green', 27329.07, 17031.57, 1, 1, 5.00),
	(890, 'Muffin Mix - Blueberry', 26161.10, 19917.55, 1, 1, 19.00),
	(891, 'Mustard - Pommery', 28509.34, 16082.90, 3, 1, 0.00),
	(892, 'Cheese - Cream Cheese', 26363.83, 12361.80, 4, 0, 19.00),
	(893, 'Sobe - Berry Energy', 25675.34, 18374.34, 2, 1, 19.00),
	(894, 'Beer - Sleemans Cream Ale', 26507.90, 19908.22, 4, 1, 5.00),
	(895, 'Island Oasis - Mango Daiquiri', 26621.31, 14405.13, 4, 1, 19.00),
	(896, 'Soup - Knorr, Ministrone', 27058.34, 12880.99, 3, 0, 0.00),
	(897, 'Beef - Short Loin', 26237.79, 10911.83, 2, 0, 0.00),
	(898, 'Spice - Paprika', 27628.00, 12276.81, 1, 1, 5.00),
	(899, 'Mushroom - Chantrelle, Fresh', 26896.01, 12615.79, 2, 1, 19.00),
	(900, 'Cranberries - Fresh', 28800.21, 14708.77, 2, 1, 19.00),
	(901, 'Artichoke - Hearts, Canned', 27243.36, 17431.99, 5, 0, 0.00),
	(902, 'Quail - Whole, Boneless', 25745.97, 18587.98, 4, 1, 5.00),
	(903, 'Wine - Vouvray Cuvee Domaine', 27269.47, 11783.41, 1, 0, 0.00),
	(904, 'Marjoram - Fresh', 29469.01, 11959.50, 4, 0, 0.00),
	(905, 'Table Cloth 90x90 Colour', 27248.85, 12597.60, 3, 1, 19.00),
	(906, 'Hummus - Spread', 26522.83, 17036.14, 3, 1, 5.00),
	(907, 'Wine - Duboeuf Beaujolais', 29283.58, 11290.05, 3, 0, 19.00),
	(908, 'Miso Paste White', 27395.01, 17304.20, 2, 0, 0.00),
	(909, 'Haggis', 26329.44, 13503.80, 1, 1, 5.00),
	(910, 'Beef - Short Ribs', 28630.64, 11761.50, 2, 1, 5.00),
	(911, 'Bread - Roll, Italian', 26918.82, 13715.40, 3, 1, 5.00),
	(912, 'Daves Island Stinger', 26492.40, 14574.80, 1, 1, 0.00),
	(913, 'Nacho Chips', 26489.32, 12818.98, 2, 0, 5.00),
	(914, 'Turnip - White', 29625.82, 10240.56, 2, 0, 0.00),
	(915, 'Pastrami', 28001.93, 16217.42, 5, 1, 0.00),
	(916, 'Jam - Raspberry,jar', 29364.24, 14741.46, 1, 1, 5.00),
	(917, 'Water - Aquafina Vitamin', 27793.69, 16861.42, 2, 1, 0.00),
	(918, 'Vinegar - Sherry', 27989.79, 13398.74, 5, 1, 5.00),
	(919, 'Bowl 12 Oz - Showcase 92012', 27544.13, 17780.13, 5, 1, 19.00),
	(920, 'Noodles - Cellophane, Thin', 26314.86, 12048.09, 2, 0, 0.00),
	(921, 'Wine - Soave Folonari', 27851.15, 19158.06, 4, 0, 19.00),
	(922, 'Tomatoes', 26248.28, 18185.26, 3, 1, 19.00),
	(923, 'Glass Clear 8 Oz', 26883.50, 15451.94, 2, 1, 19.00),
	(924, 'Veal - Loin', 26232.43, 14084.08, 1, 1, 0.00),
	(925, 'Wine - Red, Mosaic Zweigelt', 26546.46, 10160.51, 1, 0, 0.00),
	(926, 'Cream - 35%', 25845.81, 19167.00, 1, 0, 19.00),
	(927, 'Asparagus - Frozen', 25199.08, 17478.25, 2, 0, 5.00),
	(928, 'Cheese - Cambozola', 26973.45, 19420.08, 2, 1, 5.00),
	(929, 'Arizona - Green Tea', 26869.43, 15112.50, 1, 0, 19.00),
	(930, 'Sausage - Breakfast', 28521.89, 12211.65, 1, 0, 0.00),
	(931, 'Wine - Casillero Del Diablo', 26634.00, 11611.30, 2, 0, 19.00),
	(932, 'Dill - Primerba, Paste', 25712.29, 17869.32, 4, 0, 19.00),
	(933, 'Flour - Cake', 29672.64, 19903.07, 3, 1, 0.00),
	(934, 'Rum - Dark, Bacardi, Black', 25940.87, 19498.62, 4, 1, 19.00),
	(935, 'Lamb - Sausage Casings', 26740.00, 15030.16, 3, 1, 19.00),
	(936, 'Cinnamon Rolls', 29737.40, 17247.48, 5, 1, 0.00),
	(937, 'Lobster - Live', 25752.12, 17080.80, 2, 0, 5.00),
	(938, 'Ecolab Digiclean Mild Fm', 25727.58, 18838.01, 2, 1, 19.00),
	(939, 'Wine - Beaujolais Villages', 29488.04, 12639.30, 4, 1, 19.00),
	(940, 'Muffin Batt - Choc Chk', 25064.43, 14216.78, 1, 0, 0.00),
	(941, 'Rice - Long Grain', 29239.07, 13503.34, 3, 1, 19.00),
	(942, 'Sour Puss Sour Apple', 27602.28, 15900.89, 2, 0, 19.00),
	(943, 'Ecolab - Hand Soap Form Antibac', 28540.47, 12046.09, 4, 0, 19.00),
	(944, 'French Pastries', 29586.45, 17554.16, 5, 0, 0.00),
	(945, 'Beer - Blue', 28754.18, 18520.75, 4, 1, 5.00),
	(946, 'Cheese - Shred Cheddar / Mozza', 28653.05, 17379.93, 4, 1, 0.00),
	(947, 'Wine - Champagne Brut Veuve', 28509.77, 10449.84, 4, 1, 0.00),
	(948, 'Sultanas', 29670.33, 13398.70, 5, 0, 5.00),
	(949, 'Oil - Peanut', 26614.95, 19973.10, 3, 0, 19.00),
	(950, 'Chinese Foods - Thick Noodles', 25950.29, 17915.60, 5, 0, 19.00),
	(951, 'Liqueur Banana, Ramazzotti', 26379.40, 11384.31, 4, 1, 0.00),
	(952, 'Sugar - Invert', 26504.43, 19596.70, 2, 1, 5.00),
	(953, 'Sauerkraut', 29307.12, 12264.38, 4, 1, 5.00),
	(954, 'Seedlings - Buckwheat, Organic', 25472.56, 13319.70, 2, 1, 5.00),
	(955, 'Bread - Bistro White', 27324.12, 11201.66, 2, 0, 5.00),
	(956, 'Sparkling Wine - Rose, Freixenet', 27829.69, 18969.97, 3, 1, 19.00),
	(957, 'Magnotta - Bel Paese White', 25090.43, 19837.05, 5, 1, 5.00),
	(958, 'Lotus Root', 26317.83, 12050.87, 3, 0, 5.00),
	(959, 'Tea - Lemon Green Tea', 28590.29, 13779.46, 3, 0, 19.00),
	(960, 'Pepper - Orange', 28340.11, 19644.90, 3, 0, 0.00),
	(961, 'Galliano', 27665.45, 11275.49, 2, 0, 0.00),
	(962, 'Lamb - Whole, Fresh', 29150.55, 10766.40, 5, 1, 0.00),
	(963, 'Veal - Inside Round / Top, Lean', 29160.41, 18743.23, 3, 1, 19.00),
	(964, 'Buffalo - Short Rib Fresh', 26454.43, 14378.98, 3, 0, 19.00),
	(965, 'Nut - Peanut, Roasted', 25504.01, 10498.37, 3, 0, 5.00),
	(966, 'Broom And Broom Rack White', 27491.85, 11674.12, 5, 0, 5.00),
	(967, 'Pork - Ham Hocks - Smoked', 29828.97, 10267.52, 5, 0, 19.00),
	(968, 'Appetizer - Chicken Satay', 27150.55, 10200.26, 4, 0, 19.00),
	(969, 'Wine - Red, Black Opal Shiraz', 27694.01, 18229.81, 5, 1, 19.00),
	(970, 'Yogurt - Plain', 25649.95, 15932.00, 3, 0, 19.00),
	(971, 'Chocolate - Milk, Callets', 27150.17, 14190.19, 3, 0, 5.00),
	(972, 'Hand Towel', 26769.32, 10112.22, 3, 0, 5.00),
	(973, 'Cardamon Ground', 28658.14, 14167.22, 5, 0, 5.00),
	(974, 'Gelatine Leaves - Bulk', 25032.35, 19934.82, 1, 0, 0.00),
	(975, 'Sterno - Chafing Dish Fuel', 27903.94, 18942.82, 2, 1, 0.00),
	(976, 'Milk - Buttermilk', 25980.25, 16274.23, 1, 0, 0.00),
	(977, 'Icecream Cone - Areo Chocolate', 26707.95, 19144.88, 2, 1, 5.00),
	(978, 'Pepper - Green Thai', 28234.34, 15701.81, 2, 0, 19.00),
	(979, 'Soup - Campbells Broccoli', 26362.56, 13538.01, 4, 1, 0.00),
	(980, 'Fork - Plastic', 29215.78, 17064.35, 2, 0, 5.00),
	(981, 'Squash - Guords', 29474.55, 10496.60, 3, 0, 5.00),
	(982, 'Bread - Calabrese Baguette', 27856.53, 18267.01, 2, 1, 5.00),
	(983, 'Chambord Royal', 27434.21, 11875.73, 4, 1, 19.00),
	(984, 'Tuna - Salad Premix', 29195.45, 11521.54, 1, 0, 19.00),
	(985, 'Butter - Pod', 26821.57, 10023.10, 1, 1, 5.00),
	(986, 'Spinach - Packaged', 25440.50, 13581.95, 4, 1, 5.00),
	(987, 'Chevere Logs', 28315.81, 13742.99, 5, 0, 0.00),
	(988, 'Vodka - Smirnoff', 29079.57, 15102.68, 1, 0, 19.00),
	(989, 'Sprouts - Bean', 26057.06, 16303.11, 1, 0, 19.00),
	(990, 'Wasabi Powder', 25244.27, 12569.25, 5, 0, 5.00),
	(991, 'Salt - Rock, Course', 27287.38, 16365.95, 5, 1, 5.00),
	(992, 'Pork - Sausage, Medium', 26094.38, 19586.37, 3, 0, 0.00),
	(993, 'Garbage Bag - Clear', 27568.35, 13443.25, 2, 0, 0.00),
	(994, 'Wine - Magnotta, Merlot Sr Vqa', 25873.21, 15861.44, 4, 0, 0.00),
	(995, 'Toamtoes 6x7 Select', 26568.29, 10153.30, 4, 1, 0.00),
	(996, 'Pastry - Banana Tea Loaf', 26407.47, 14806.65, 5, 0, 19.00),
	(997, 'Coconut - Shredded, Unsweet', 25915.11, 14840.37, 4, 1, 5.00),
	(998, 'Plaintain', 26538.04, 16475.08, 3, 1, 0.00),
	(999, 'Pasta - Cannelloni, Sheets, Fresh', 29665.03, 14831.25, 2, 0, 5.00),
	(1000, 'Chocolate - Unsweetened', 29954.15, 12050.87, 1, 0, 5.00),
	(1001, 'Icecream - Dstk Super Cone', 28792.80, 17345.21, 1, 1, 5.00);
/*!40000 ALTER TABLE `producto` ENABLE KEYS */;

/*!40101 SET SQL_MODE=IFNULL(@OLD_SQL_MODE, '') */;
/*!40014 SET FOREIGN_KEY_CHECKS=IF(@OLD_FOREIGN_KEY_CHECKS IS NULL, 1, @OLD_FOREIGN_KEY_CHECKS) */;
/*!40101 SET CHARACTER_SET_CLIENT=@OLD_CHARACTER_SET_CLIENT */;
